Actividad,Ciudad,Departamento,Direccion,Link,Nombre_Empresa,Tema_Busqueda,telefono
Actividades de otras asociaciones n c p,MEDELLIN,ANTIOQUIA,CARRERA 48 20 34 OFC 904,https://empresite.eleconomistaamerica.co/ASOCIACION-COLOMBIANA-AGENCIAS-VIAJES-TURISMO-ANATO-CAPITULO-ANTIOQUIA-CHOCO.html,ASOCIACION COLOMBIANA DE AGENCIAS DE VIAJES Y TURISMO ANATO CAPITULO ANTIOQUIA CHOCO,AGENCIAS-DE-VIAJES,(4)4442203
Actividades de operadores turisticos,MEDELLIN,ANTIOQUIA,CALLE 50 65 42 CC,https://empresite.eleconomistaamerica.co/AGENCIA-VIAJES-TURISMO-RECEPTIVO-DESTINO-COLOMBIA-LTDA.html,AGENCIA DE VIAJES DE TURISMO RECEPTIVO DESTINO COLOMBIA S A S,AGENCIAS-DE-VIAJES,(4)2606868
Actividades de operadores turisticos,MEDELLIN,ANTIOQUIA,CALLE 52 27 20,https://empresite.eleconomistaamerica.co/AGENCIA-VIAJES-TURISMO-DESTINOS-LIMITES-SAS.html,AGENCIA DE VIAJES Y TURISMO DESTINOS SIN LIMITES S A S,AGENCIAS-DE-VIAJES,3137473989
Actividades de operadores turisticos,MEDELLIN,ANTIOQUIA,CARRERA 66 34 92 OF 201,https://empresite.eleconomistaamerica.co/OPERADORA-VIAJES-TURISMO-DESTINO-ANTIOQUIA-LTDA.html,OPERADORA DE VIAJES Y TURISMO DESTINO ANTIOQUIA SAS,AGENCIAS-DE-VIAJES,(4)4489007
Actividades de operadores turisticos,MEDELLIN,ANTIOQUIA,CARRERA 47 A 19 A 87 L 120,https://empresite.eleconomistaamerica.co/TURISMO-RECEPTIVO-COLOMBIA-SAS.html,TURISMO RECEPTIVO DE COLOMBIA S A S,TURISMO-RECEPTIVO,(4)2619444
Actividades de operadores turisticos,MEDELLIN,ANTIOQUIA,CALLE 50 65 42 CC,https://empresite.eleconomistaamerica.co/AGENCIA-VIAJES-TURISMO-RECEPTIVO-DESTINO-COLOMBIA-LTDA.html,AGENCIA DE VIAJES DE TURISMO RECEPTIVO DESTINO COLOMBIA S A S,TURISMO-RECEPTIVO,(4)2606868
Actividades de las agencias de viaje,MEDELLIN,ANTIOQUIA,CARRERA 34 7 13,https://empresite.eleconomistaamerica.co/TURISMO-TOTAL-SA.html,TURISMO TOTAL S A,TURISMO-RECEPTIVO,(4)2687811
Actividades de alojamiento de estancias cortas,MEDELLIN,ANTIOQUIA,CALLE 50 81B 102,https://empresite.eleconomistaamerica.co/TURISMO-NADER-SA.html,TURISMO NADER S A,TURISMO-RECEPTIVO,(4)4210617
Actividades de las agencias de viaje,MEDELLIN,ANTIOQUIA,CARRERA 30 7A 381,https://empresite.eleconomistaamerica.co/TURISMO-VIP-SAS.html,TURISMO VIP S A S,TURISMO-RECEPTIVO,(4)4480869
Actividades de las agencias de viaje,ITAGUI,ANTIOQUIA,CARRERA 61 34 61 OF 301,https://empresite.eleconomistaamerica.co/TURISMO-GO-SAS.html,TRIPTOCOLOMBIA S A S,TURISMO-RECEPTIVO,3176423388
Actividades de las agencias de viaje,MEDELLIN,ANTIOQUIA,CARRERA 44 48 18 E,https://empresite.eleconomistaamerica.co/TURISMO-MEGA-EU.html,TURISMO MEGA E U,TURISMO-RECEPTIVO,(4)2164045
Otros servicios de reserva y actividades relacionadas,MEDELLIN,ANTIOQUIA,CARRERA 25 1 A SUR 155,https://empresite.eleconomistaamerica.co/TURISMO-AYURA-LTDA.html,TURISMO AYURA LTDA,TURISMO-RECEPTIVO,(4)4480515
Actividades de las agencias de viaje,MEDELLIN,ANTIOQUIA,CALLE 27 A 75 79,https://empresite.eleconomistaamerica.co/TURISMO-MUNDO-SAS.html,TURISMO AL MUNDO S A S,TURISMO-RECEPTIVO,(4)3668853
Actividades de las agencias de viaje,MEDELLIN,ANTIOQUIA,CALLE 45 E 70 B 09,https://empresite.eleconomistaamerica.co/TURISMO-CLASE-LTDA.html,TURISMO CON CLASE S A S,TURISMO-RECEPTIVO,(4)4449636
Actividades de las agencias de viaje,CALDAS,ANTIOQUIA,CARRERA 50 129 SUR 13,https://empresite.eleconomistaamerica.co/TURISMO-QUIRAMA-EU.html,TURISMO QUIRAMA E U,TURISMO-RECEPTIVO,(4)3383590
Transporte de pasajeros,MEDELLIN,ANTIOQUIA,CALLE 43 88 68,https://empresite.eleconomistaamerica.co/TURISMO-LUJO-LTDA.html,TURISMO DE LUJO S A S,TURISMO-RECEPTIVO,3102765968
Actividades de las agencias de viaje,MEDELLIN,ANTIOQUIA,CARRERA 47 52 83 OF 703,https://empresite.eleconomistaamerica.co/TURISMO-LIMITE-LTDA.html,TURISMO SIN LIMITE LTDA,TURISMO-RECEPTIVO,(4)2311042
Alojamiento en hoteles,GIRARDOTA,ANTIOQUIA,VEREDA MANGA ARRIBA MCP GIRARDOTA,https://empresite.eleconomistaamerica.co/TURISMO-ABIERTO-SAS.html,TURISMO ABIERTO S A S,TURISMO-RECEPTIVO,(4)2893345
Actividades de operadores turisticos,MEDELLIN,ANTIOQUIA,CALLE 48 C 65 A 59 INT 104,https://empresite.eleconomistaamerica.co/TURISMO-AGUILAS-SAS.html,DE TURISMO CON LAS AGUILAS S A S,TURISMO-RECEPTIVO,(4)4941604
Corretaje de valores y de contratos de productos basicos,MEDELLIN,ANTIOQUIA,CALLE 51 72 30,https://empresite.eleconomistaamerica.co/TURISMO-2-000-LTDA.html,TURISMO 2 000 LTDA,TURISMO-RECEPTIVO,(4)4363688
Otros servicios de reserva y actividades relacionadas,MEDELLIN,ANTIOQUIA,CARRERA 50 51 A 27 OF 308,https://empresite.eleconomistaamerica.co/TURISMO-MAXIMO-SAS.html,TURISMO MAXIMO S A S,TURISMO-RECEPTIVO,(4)5141616
Otros servicios de reserva y actividades relacionadas,SANTA BARBARA,ANTIOQUIA,CARRERA SANTANDER EL CENTENARIO,https://empresite.eleconomistaamerica.co/TURISMO-SANTA-BARBARA-SAS.html,TURISMO SANTA BARBARA SAS,TURISMO-RECEPTIVO,3206329889
Actividades de las agencias de viaje,MEDELLIN,ANTIOQUIA,TRANSVERSAL 78 65 196,https://empresite.eleconomistaamerica.co/TURISMO-RAPIDO-OCHOA-SA.html,TURISMO RAPIDO OCHOA S A,TURISMO-RECEPTIVO,(4)4448888
Actividades de operadores turisticos,JERICO,ANTIOQUIA,CALLE 5 4 03,https://empresite.eleconomistaamerica.co/TURISMO-EVENTOS-JERICO-SAS.html,TURISMO Y EVENTOS JERICO S A S,TURISMO-RECEPTIVO,(4)8523065
Actividades de operadores turisticos,MEDELLIN,ANTIOQUIA,CALLE 49 DD 83 A 30 APTO 22,https://empresite.eleconomistaamerica.co/TURISMO-NACIONAL-LJ-SAS.html,TURISMO NACIONAL LJ S A S,TURISMO-RECEPTIVO,(4)5073100
Actividades de las agencias de viaje,MEDELLIN,ANTIOQUIA,CALLE 33 63 B 14 INT 1,https://empresite.eleconomistaamerica.co/TURISMO-MARCO-POLO-SAS.html,TURISMO MARCO POLO S A S,TURISMO-RECEPTIVO,(4)3347701
Actividades de las agencias de viaje,MEDELLIN,ANTIOQUIA,VIA 73 39 A 04 CQ,https://empresite.eleconomistaamerica.co/TURISMO-MULTICOLOR-CIA-LTDA.html,TURISMO MULTICOLOR Y CIA LTDA,TURISMO-RECEPTIVO,(4)4119411
Actividades de las agencias de viaje,GUARNE,ANTIOQUIA,CALLE 52 50 24 P 2,https://empresite.eleconomistaamerica.co/TURISMO-HELLOW-ORIENTE-SAS.html,TURISMO HELLOW ORIENTE S A S,TURISMO-RECEPTIVO,3122454876
Alojamiento en hoteles,APARTADO,ANTIOQUIA,CALLE 98 105 05 BRR HUMEDAL,https://empresite.eleconomistaamerica.co/TURISMO-NEW-HOTELERO-SAS.html,TURISMO NEW HOTELERO S A S,TURISMO-RECEPTIVO,3217818720
Transporte de pasajeros,MEDELLIN,ANTIOQUIA,TRANSVERSAL 39 B 74 B 10,https://empresite.eleconomistaamerica.co/TURISMO-EJECUTIVO-JSLSAS.html,OPTIMA LOGISTICA INTEGRAL S A S,TURISMO-RECEPTIVO,(4)3220375
Actividades de las agencias de viaje,MEDELLIN,ANTIOQUIA,,https://empresite.eleconomistaamerica.co/TURISMO-LTDA-ANTIOQUIA.html,TURISMO I LTDA,TURISMO-RECEPTIVO,(4)2680710
Actividades de operadores turisticos,ITAGUI,ANTIOQUIA,CALLE 32 61 230,https://empresite.eleconomistaamerica.co/TURISMO-CHIVAS-MEDELLIN-SAS.html,TURISMO Y CHIVAS MEDELLIN S A S,TURISMO-RECEPTIVO,(4)4483865
Actividades de las agencias de viaje,MEDELLIN,ANTIOQUIA,,https://empresite.eleconomistaamerica.co/TURISMO-NEGOCIOS-LTDA.html,TURISMO Y NEGOCIOS LTDA,TURISMO-RECEPTIVO,
Actividades de las agencias de viaje,MEDELLIN,ANTIOQUIA,CALLE 26 39 70 INT 1306,https://empresite.eleconomistaamerica.co/TURISMO-PLAYA-BRISA-MAR-LTDA.html,TURISMO PLAYA BRISA MAR LTDA,TURISMO-RECEPTIVO,(4)5831542
Actividades de las agencias de viaje,MEDELLIN,ANTIOQUIA,CALLE 54 45 25,https://empresite.eleconomistaamerica.co/TURISMO-MAYA-LONDONO-LTDA.html,TURISMO MAYA LONDONO S A S,TURISMO-RECEPTIVO,(4)3198304
Actividades de las agencias de viaje,MEDELLIN,ANTIOQUIA,CARRERA 84 15 A 162,https://empresite.eleconomistaamerica.co/TURISMO-COLOMBIA-DEOSAS.html,TURISMO POR COLOMBIA D E O S A S,TURISMO-RECEPTIVO,(4)3410280
Actividades de las agencias de viaje,MEDELLIN,ANTIOQUIA,CALLE 9 43 A 31 OF 234,https://empresite.eleconomistaamerica.co/TURIXMO-RECEPTIVO-LTDA.html,TURIXMO RECEPTIVO LTDA,TURISMO-RECEPTIVO,(4)2662846
Actividades de las agencias de viaje,MEDELLIN,ANTIOQUIA,CARRERA 69 48 D 5,https://empresite.eleconomistaamerica.co/TURISMO-CULTURA-INTERNACIONAL-TCI-LTDA.html,TURISMO Y CULTURA INTERNACIONAL TCI LTDA,TURISMO-RECEPTIVO,(4)2305393
Actividades de las agencias de viaje,MEDELLIN,ANTIOQUIA,CALLE 12 39 298 LC 3,https://empresite.eleconomistaamerica.co/TURISMO-VIP-TRAVEL-AGENCY-SAS.html,TURISMO V I P TRAVEL AGENCY S A S,TURISMO-RECEPTIVO,(4)4488038
Actividades de las agencias de viaje,MEDELLIN,ANTIOQUIA,CALLE 45 A 102B 31,https://empresite.eleconomistaamerica.co/TURISMO-EMPRESARIAL-COLOMBIA-LTDA.html,TURISMO EMPRESARIAL DE COLOMBIA LTDA,TURISMO-RECEPTIVO,(4)4511463
Actividades de las agencias de viaje,MEDELLIN,ANTIOQUIA,CARRERA 43 A 6 SUR 15 L 106,https://empresite.eleconomistaamerica.co/TURISMO-DEPORTE-ENTRETENIMIENTO-SAS.html,TURISMO DEPORTE Y ENTRETENIMIENTO S A S,TURISMO-RECEPTIVO,(4)3117672
Alojamiento en hoteles,LA PINTADA,ANTIOQUIA,VIA PINTADA MEDELLIN KM 2,https://empresite.eleconomistaamerica.co/TURISMO-REAL-DINASTIA-SOCIEDAD-ACCIONES-SIMPLIFICADA.html,TURISMO REAL DINASTIA SOCIEDAD POR ACCIONES SIMPLIFICADA,TURISMO-RECEPTIVO,(4)8453034
Actividades de operadores turisticos,MEDELLIN,ANTIOQUIA,CALLE 50 45 56 INT 104,https://empresite.eleconomistaamerica.co/TURISMO-MEDELLIN-VIAJES-GLOBO-SAS.html,TURISMO EN MEDELLIN Y VIAJES Y TURISMO GLOBO S A,TURISMO-RECEPTIVO,(4)4488990
Actividades de las agencias de viaje,MEDELLIN,ANTIOQUIA,,https://empresite.eleconomistaamerica.co/TURISMO-MC-REPRESENTACIONES-LTDA.html,TURISMO M C REPRESENTACIONES LTDA,TURISMO-RECEPTIVO,(4)2428559
Actividades de las agencias de viaje,MEDELLIN,ANTIOQUIA,,https://empresite.eleconomistaamerica.co/TURISMO-VIDA-NUEVA-LIVIC-REPRESENTACIONES-LTDA.html,TURISMO VIDA NUEVA LIVIC REPRESENTACIONES LTDA,TURISMO-RECEPTIVO,
Transporte de pasajeros,MEDELLIN,ANTIOQUIA,CA 70 32 B 26,https://empresite.eleconomistaamerica.co/TURISMO-TRANSPORTE-HERNANDEZ-ECHEVERRY-LTDA.html,TURISMO Y TRANSPORTE HERNANDEZ ECHEVERRY LTDA,TURISMO-RECEPTIVO,(4)2357418
Actividades de las agencias de viaje,MEDELLIN,ANTIOQUIA,CARRERA 73 52 65 INT 910,https://empresite.eleconomistaamerica.co/TURISMO-RECREACION-LUCECITAS-MAGICAS-SAS.html,TURISMO Y RECREACION LUCECITAS MAGICAS S A S,TURISMO-RECEPTIVO,(4)4484413
Actividades de las agencias de viaje,MEDELLIN,ANTIOQUIA,CALLE 44 73 16 OF 208,https://empresite.eleconomistaamerica.co/TURISMO-TRANSPORTE-RAPITUORS-LTDA.html,TURISMO Y TRANSPORTE RAPITUORS LTDA,TURISMO-RECEPTIVO,(4)4120096
Alojamiento en hoteles,MEDELLIN,ANTIOQUIA,TRANSVERSAL 39 74 B 10,https://empresite.eleconomistaamerica.co/PROMOTORA-INVERSORA-MALLA-SAS.html,PROMOTORA E INVERSORA MALLA S A S,TURISMO-RECEPTIVO,(4)4448428
Construccion de edificios residenciales,MEDELLIN,ANTIOQUIA,CARRERA 43 34 95,https://empresite.eleconomistaamerica.co/EMPRESA-VIVIENDA-ANTIOQUIA.html,EMPRESA DE VIVIENDA DE ANTIOQUIA,TURISMO-RECEPTIVO,(4)4448608
Actividades ejecutivas de la administracion publica,MEDELLIN,ANTIOQUIA,CALLE 42 B 52 106,https://empresite.eleconomistaamerica.co/DEPARTAMENTO-ANTIOQUIA.html,DEPARTAMENTO DE ANTIOQUIA,TURISMO-RECEPTIVO,(4)3838114
Actividades de otras asociaciones n c p,MEDELLIN,ANTIOQUIA,CARRERA 30 CALLE 29 59,https://empresite.eleconomistaamerica.co/MUNICIPIO-DON-MATIAS.html,MUNICIPIO DE DON MATIAS,TURISMO-RECEPTIVO,(4)8663240
Actividades de asociaciones empresariales y de empleadores,MEDELLIN,ANTIOQUIA,CARRERA 45 49 A 16,https://empresite.eleconomistaamerica.co/CAJA-COMPENSACION-FAMILIAR-ANTIOQUIA-COMFAMA.html,CAJA DE COMPENSACION FAMILIAR DE ANTIOQUIA COMFAMA,TURISMO-RECEPTIVO,(4)2516155
Actividades de las cooperativas financieras,MEDELLIN,ANTIOQUIA,CARRERA 43 A 31 159,https://empresite.eleconomistaamerica.co/COOPERATIVA-FINANCIERA-ANTIOQUIA.html,COOPERATIVA FINANCIERA DE ANTIOQUIA,TURISMO-RECEPTIVO,(4)2621827
Actividades de las agencias de viaje,TURBO,ANTIOQUIA,CALLE 101 13 62,https://empresite.eleconomistaamerica.co/AGENCIA-VIAJES-TURISMO-PLAYA-BRISA-MAR-TURBO-LTDA.html,AGENCIA DE VIAJES Y TURISMO PLAYA BRISA Y MAR TURBO LTDA,TURISMO-RECEPTIVO,(4)8272406
Edicion de periodicos revistas y otras publicaciones periodicas,MEDELLIN,ANTIOQUIA,CALLE 2 B SUR 78 B 06 P 12,https://empresite.eleconomistaamerica.co/VISION-TURISMO-SAS.html,VISION TURISMO S A S,TURISMO-RECEPTIVO,(4)3411104
Transporte de pasajeros,SAN JOSE DE LA MONTADA,ANTIOQUIA,CALLE 19 21 25,https://empresite.eleconomistaamerica.co/EDUTOURS-TURISMO-ESAS.html,EDUTOURS TURISMO E S A S,TURISMO-RECEPTIVO,(4)8622717
Actividades de las agencias de viaje,MEDELLIN,ANTIOQUIA,CARRERA 84 F 3 D 150 TORRE 9,https://empresite.eleconomistaamerica.co/ALIANZA-TURISMO-SAS.html,ALIANZA DE TURISMO S A S,TURISMO-RECEPTIVO,(4)4991745
Actividades de las agencias de viaje,MEDELLIN,ANTIOQUIA,CALLE 50 A 20 103 B 20 APT,https://empresite.eleconomistaamerica.co/OPERADORA-VIAJES-TURISMO-TROPICAL-SUN-SAS.html,OPERADORA DE VIAJES Y TURISMO TROPICAL SUN S A S,TURISMO-RECEPTIVO,(4)8314168
Actividades de las agencias de viaje,MEDELLIN,ANTIOQUIA,CALLE 48 53 75 LOC 367,https://empresite.eleconomistaamerica.co/ANTIOQUENA-TURISMO-GLOBAL-SAS.html,ANTIOQUENA DE TURISMO GLOBAL S A S,TURISMO-RECEPTIVO,(4)4448450
Actividades de las agencias de viaje,CAUCASIA,ANTIOQUIA,CALLE 17 5 01 LOMA FRESC,https://empresite.eleconomistaamerica.co/AGENCIA-VIAJES-TURISMO-MUNDO-SAS.html,AGENCIA DE VIAJES Y TURISMO MUNDO TURISMO S A S,TURISMO-RECEPTIVO,(4)8393790
Actividades de las agencias de viaje,ENVIGADO,ANTIOQUIA,CALLE 39 B SUR 39 28,https://empresite.eleconomistaamerica.co/CONTACTO-VIAJES-TURISMO-EVENTOS-SAS.html,CONTACTO VIAJES TURISMO Y EVENTOS S A S,TURISMO-RECEPTIVO,(4)5975650
Transporte de carga por carretera,MEDELLIN,ANTIOQUIA,CARRERA 43 A 1 SUR 220,https://empresite.eleconomistaamerica.co/NACIONAL-TURISMO-CARGA-SAS.html,NACIONAL DE TURISMO Y CARGA S A S,TURISMO-RECEPTIVO,(4)4486990
Actividades de otras asociaciones n c p,MEDELLIN,ANTIOQUIA,CALLE 96 73 A 31,https://empresite.eleconomistaamerica.co/ASOCIACION-TURISMO-NOMADA.html,ASOCIACION TURISMO NOMADA,TURISMO-RECEPTIVO,3017895894
Transporte de pasajeros,SOPETRAN,ANTIOQUIA,CALLE 8 A 8 21,https://empresite.eleconomistaamerica.co/COOPERATIVA-TRANSPORTE-TURISMO-MOTOCARROS-SOPETRAN.html,COOPERATIVA DE TRANSPORTE Y TURISMO EN MOTOCARROS DE SOPETRAN,TURISMO-RECEPTIVO,(4)8541147
Transporte de pasajeros,SANTA FE DE ANTIOQUIA,ANTIOQUIA,CARRERA 13 12 0 LA,https://empresite.eleconomistaamerica.co/COOTRANSTUR-COOPERATIVA-TRANSPORTE-TURISMO.html,COOTRANSTUR COOPERATIVA DE TRANSPORTE Y TURISMO,TURISMO-RECEPTIVO,(4)8531019
Actividades de las agencias de viaje,MEDELLIN,ANTIOQUIA,CALLE 9 43 A 31 OF 313,https://empresite.eleconomistaamerica.co/VIAGGI-TURISMO-SAS.html,VIAGGI TURISMO S A S,TURISMO-RECEPTIVO,(4)4480855
Actividades de las agencias de viaje,RIONEGRO,ANTIOQUIA,CENTRO COMERCIAL CAMINO VERDE OF 205,https://empresite.eleconomistaamerica.co/MAC-TURISMO-SAS.html,MAC TURISMO S A S,TURISMO-RECEPTIVO,(4)5682891
Actividades de las agencias de viaje,BELLO,ANTIOQUIA,CARRERA 64 55 99,https://empresite.eleconomistaamerica.co/HADAR-EVENTOS-TURISMO-SAS.html,HADAR EVENTOS Y TURISMO S A S,TURISMO-RECEPTIVO,(4)5964031
Actividades de las agencias de viaje,MEDELLIN,ANTIOQUIA,CARRERA 59 5 A 38,https://empresite.eleconomistaamerica.co/AGENCIA-VIAJES-TURISMO-ORMA-TOURS-LTDA.html,AGENCIA DE VIAJES Y TURISMO ORMA TOURS LTDA,TURISMO-RECEPTIVO,(4)2856590
Transporte de pasajeros,MEDELLIN,ANTIOQUIA,CARRERA 69 49 A 37,https://empresite.eleconomistaamerica.co/SERVICIOS-ESPECIALES-COLEGIOS-BANANERAS-TURISMO-LTDA.html,SERVICIOS ESPECIALES A COLEGIOS BANANERAS Y TURISMO S A S,TURISMO-RECEPTIVO,(4)2606557
Actividades de otras asociaciones n c p,MEDELLIN,ANTIOQUIA,LUGAR SAN SEBASTIAN DE PALMITAS LA POTRERA,https://empresite.eleconomistaamerica.co/CORPORACION-TURISMO-RURAL-SOSTENIBLE.html,CORPORACION DE TURISMO RURAL SOSTENIBLE,TURISMO-RECEPTIVO,(4)3870667
Comercio al por mayor a cambio de una retribucion o por contrata,MEDELLIN,ANTIOQUIA,CARRERA 76 35 35 LOCAL 1,https://empresite.eleconomistaamerica.co/GRUPO-EMPRESARIAL-SERVICIOS-SECTOR-AEREO-TURISMO-SAS.html,GRUPO EMPRESARIAL DE SERVICIOS AL SECTOR AEREO Y DEL TURISMO S A S,TURISMO-RECEPTIVO,(4)4164500
Actividades de otras asociaciones n c p,MEDELLIN,ANTIOQUIA,CARRERA 48 20 34 OFC 904,https://empresite.eleconomistaamerica.co/ASOCIACION-COLOMBIANA-AGENCIAS-VIAJES-TURISMO-ANATO-CAPITULO-ANTIOQUIA-CHOCO.html,ASOCIACION COLOMBIANA DE AGENCIAS DE VIAJES Y TURISMO ANATO CAPITULO ANTIOQUIA CHOCO,TURISMO-RECEPTIVO,(4)4442203
Actividades de otras asociaciones n c p,MEDELLIN,ANTIOQUIA,CALLE 24 72 A 29,https://empresite.eleconomistaamerica.co/ASOCIACION-GUIAS-TURISMO-ANTIOQUIA-ASOGUIAN.html,ASOCIACION DE GUIAS DE TURISMO DE ANTIOQUIA ASOGUIAN,TURISMO-RECEPTIVO,3105107016
Actividades de operadores turisticos,MEDELLIN,ANTIOQUIA,CARRERA 31 63 53,https://empresite.eleconomistaamerica.co/TAURO-EVENTOS-TURISMO-SAS.html,TAURO EVENTOS Y TURISMO S A S,TURISMO-RECEPTIVO,(4)5717634
Actividades de las agencias de viaje,MEDELLIN,ANTIOQUIA,CARRERA 43 A 34 95 LOCAL 221,https://empresite.eleconomistaamerica.co/ALONSO-RESTREPO-VIAJES-TURISMO-SAS.html,ALONSO RESTREPO VIAJES Y TURISMO S A S,TURISMO-RECEPTIVO,(4)4480428
Actividades de las agencias de viaje,MEDELLIN,ANTIOQUIA,CARRERA 46 47 66 LC 3018,https://empresite.eleconomistaamerica.co/VIAJES-TURISMO-PLAYA-BLANCA-SAS.html,VIAJES Y TURISMO PLAYA BLANCA S A S,TURISMO-RECEPTIVO,(4)5117774
Actividades de las agencias de viaje,MEDELLIN,ANTIOQUIA,CALLE 40 105 146 BLOQ 2,https://empresite.eleconomistaamerica.co/NAZCCA-TURISMO-LOGISTICA-TRANSPORTE-SAS.html,NAZCCA TURISMO LOGISTICA Y TRANSPORTE S A S,TURISMO-RECEPTIVO,3216069279
Alojamiento en hoteles,MEDELLIN,ANTIOQUIA,CARRERA 74 48 37 EL ESTADI,https://empresite.eleconomistaamerica.co/PROMOTORA-HOTELES-TURISMO-SAS.html,PROMOTORA DE HOTELES Y TURISMO S A S,TURISMO-RECEPTIVO,(4)4364466
Transporte de pasajeros,MEDELLIN,ANTIOQUIA,CALLE 4 SUR 53 68 PISO 1,https://empresite.eleconomistaamerica.co/SERVICIOS-ASISTENCIA-TRANSPORTE-ESPECIAL-ESCOLAR-EMPRESARIAL-TURISMO-LTDA.html,ALIANZA TERRESTRE S A S,TURISMO-RECEPTIVO,(4)4483245
Comercio al por menor de otros articulos domesticos en establecimientos especializados,MEDELLIN,ANTIOQUIA,CALLE 7 D 43 C 134,https://empresite.eleconomistaamerica.co/GRUPO-EMPRESARIAL-GYP-EVENTOS-TURISMO-SAS.html,GRUPO EMPRESARIAL GYP EVENTOS Y TURISMO S A S,TURISMO-RECEPTIVO,(4)3323363
Actividades de otras asociaciones n c p,SAN JERONIMO,ANTIOQUIA,CALLE 20 9 58,https://empresite.eleconomistaamerica.co/ASOCIACION-MOTO-TURISMO.html,ASOCIACION MOTO TURISMO EN LIQUIDACION,TURISMO-RECEPTIVO,(4)8580154
Actividades inmobiliarias realizadas con bienes propios o arrendados,MEDELLIN,ANTIOQUIA,CALLE 44 A 68 A 76,https://empresite.eleconomistaamerica.co/GRUPO-TURISMO-HERMANOS-SAS.html,GRUPO TURISMO HERMANOS S A S,TURISMO-RECEPTIVO,(4)4366759
Actividades de las agencias de viaje,MEDELLIN,ANTIOQUIA,VIA CIRCULAR 5 70 44,https://empresite.eleconomistaamerica.co/INVERSIONES-PENON-VIAJES-TURISMO-LTDA.html,INVERSIONES PENON VIAJES Y TURISMO LTDA,TURISMO-RECEPTIVO,(4)3313316
Transporte de pasajeros,SOPETRAN,ANTIOQUIA,CALLE 9 13 64,https://empresite.eleconomistaamerica.co/TRANSPORTE-TURISMO-OCCIDENTE-SAS.html,TRANSPORTE Y TURISMO DEL OCCIDENTE S A S,TURISMO-RECEPTIVO,(4)8541504
Actividades de las agencias de viaje,MEDELLIN,ANTIOQUIA,VIA CIRCULAR 2 66 B 32 201,https://empresite.eleconomistaamerica.co/CONTINENTES-TURISMO-SAS.html,CONTINENTES Y TURISMO S A S,TURISMO-RECEPTIVO,(4)4488804
Transporte de pasajeros,RIONEGRO,ANTIOQUIA,CARRERA 58 52 02,https://empresite.eleconomistaamerica.co/RENTACAR-TURISMO-URBANO-SAS.html,RENTACAR TURISMO URBANO S A S,TURISMO-RECEPTIVO,(4)5314249
Transporte de pasajeros,SONSON,ANTIOQUIA,CALLE 11 CR 6 A 20,https://empresite.eleconomistaamerica.co/EMPRESA-TRANSPORTE-TURISMO-LOGISTICA-TRANSPORTAR-SAS.html,EMPRESA DE TRANSPORTE TURISMO Y LOGISTICA TRANSPORTAR S A S,TURISMO-RECEPTIVO,3176594099
Otros servicios de reserva y actividades relacionadas,MEDELLIN,ANTIOQUIA,CALLE 56 H 20 55 INT 202,https://empresite.eleconomistaamerica.co/CORPORACION-AMBIENTAL-TURISMO-ECOGUAYACAN.html,CORPORACION AMBIENTAL Y DE TURISMO ECOGUAYACAN,TURISMO-RECEPTIVO,(4)2544283
Actividades de las agencias de viaje,MEDELLIN,ANTIOQUIA,CALLE 29 41 105 INT 501,https://empresite.eleconomistaamerica.co/SMS-VIAJES-TURISMO-SAS.html,SMS VIAJES Y TURISMO S A S,TURISMO-RECEPTIVO,(4)2656937
Actividades de las agencias de viaje,MEDELLIN,ANTIOQUIA,CARRERA 43 33 57 INT 190,https://empresite.eleconomistaamerica.co/APOLO-VIAJES-TURISMO-SAS.html,APOLO VIAJES Y TURISMO S A S,TURISMO-RECEPTIVO,(4)4446557
Alojamiento en centros vacacionales,MEDELLIN,ANTIOQUIA,CALLE 48 65 10 OF 302,https://empresite.eleconomistaamerica.co/AGUILAS-TURISMO-SAS.html,LAS AGUILAS DEL TURISMO S A S,TURISMO-RECEPTIVO,(4)2305976
Alquiler y arrendamiento de vehiculos automotores,MEDELLIN,ANTIOQUIA,CARRERA 70 32 B 25 OF 201,https://empresite.eleconomistaamerica.co/RENTING-SERVICIOS-TURISMO-SAS.html,RENTING DE SERVICIOS Y TURISMO S A S,TURISMO-RECEPTIVO,(4)4485222
Actividades de arquitectura e ingenieria y otras actividades conexas de consultoria tecnica,MEDELLIN,ANTIOQUIA,CALLE 3 SUR 38 41 INT 303,https://empresite.eleconomistaamerica.co/MARKETING-DIGITAL-SA.html,MARKETING DIGITAL S A,MARKETING-DIGITAL,(4)3114072
Procesamiento de datos alojamiento (hosting) y actividades relacionadas,MEDELLIN,ANTIOQUIA,CARRERA 75 63 65 APTO 403,https://empresite.eleconomistaamerica.co/MARKETING-DIGITAL-SMC-SAS.html,MARKETING DIGITAL SMC S A S,MARKETING-DIGITAL,(4)4340445
Estudios de mercado y realizacion de encuestas de opinion publica,MEDELLIN,ANTIOQUIA,CALLE 12 31 193,https://empresite.eleconomistaamerica.co/INCENTIVA-GROUP-SAS.html,INCENTIVA GROUP S A S,MARKETING-DIGITAL,(4)2666208
Publicidad,MEDELLIN,ANTIOQUIA,CARRERA 84 F 3 C 40 INT 1501,https://empresite.eleconomistaamerica.co/WIKPIS-MARKETING-DIGITAL-SAS.html,WIKPIS MARKETING DIGITAL S A S,MARKETING-DIGITAL,(4)5805491
Publicidad,RIONEGRO,ANTIOQUIA,BARRIO EL PORVENIR CL 40 E 74 28,https://empresite.eleconomistaamerica.co/ALL-MARKETING-DIGITAL-SAS.html,ALL MARKETING DIGITAL S A S,MARKETING-DIGITAL,(4)4973891
Actividades especializadas de diseño,MEDELLIN,ANTIOQUIA,CARRERA 80 E 40 117,https://empresite.eleconomistaamerica.co/KRONOS-DIGITAL-MARKETING-SAS.html,KRONOS DIGITAL MARKETING S A S,MARKETING-DIGITAL,(4)2501120
Comercio de vehiculos automotores nuevos,MEDELLIN,ANTIOQUIA,CALLE 20 SUR 26 C 140,https://empresite.eleconomistaamerica.co/BLUE-MARKETING-DIGITAL-SAS.html,BLUE MARKETING DIGITAL S A S,MARKETING-DIGITAL,3006175944
Publicidad,MEDELLIN,ANTIOQUIA,CALLE 51 A 71 12 AP 403,https://empresite.eleconomistaamerica.co/DIGITAL-SPOT-SAS.html,DIGITAL SPOT S A S,MARKETING-DIGITAL,(4)2309114
Fotocopiado preparacion de documentos y otras actividades especializadas de apoyo a oficina,MEDELLIN,ANTIOQUIA,CALLE 46 42 25,https://empresite.eleconomistaamerica.co/DIGITALIZAR-LTDA.html,DIGITALIZAR LTDA,MARKETING-DIGITAL,(4)2171230
Comercio al por mayor de computadores equipo periferico y programas de informatica,MEDELLIN,ANTIOQUIA,CARRERA 48 10 45,https://empresite.eleconomistaamerica.co/DIGITAL-MAC-SAS.html,DIGITAL MAC S A S,MARKETING-DIGITAL,(4)3113981
Edicion de programas de informatica (software),MEDELLIN,ANTIOQUIA,CARRERA 43 A 19 17 OF 9609,https://empresite.eleconomistaamerica.co/DIGITAL-DATA-SAS.html,DIGITAL DATA S A S,MARKETING-DIGITAL,(4)3662874
Otras actividades de servicio de apoyo a las empresas n c p,SABANETA,ANTIOQUIA,CALLE 71 SUR 35 340 AP 2106,https://empresite.eleconomistaamerica.co/DIGITALSMARK-SAS.html,DIGITALSMARK S A S EN LIQUIDACION,MARKETING-DIGITAL,3146764387
Actividades de consultoria informatica y actividades de administracion de instalaciones informaticas,MEDELLIN,ANTIOQUIA,CALLE 45 F 80 61 AP 403,https://empresite.eleconomistaamerica.co/DIGITAL-GRUB-SAS.html,DIGITAL GRUB S A S,MARKETING-DIGITAL,(4)5782634
Publicidad,MEDELLIN,ANTIOQUIA,CALLE 9 B SUR 79 A 121 INT 40,https://empresite.eleconomistaamerica.co/DIGITAL-CERO-SAS.html,DIGITAL CERO S A S,MARKETING-DIGITAL,(4)2556117
Comercio al por menor de computadores equipos perifericos programas de informatica y equipos de telecomunicaciones en establecimientos especializados,MEDELLIN,ANTIOQUIA,CARRERA 48 10 45 INT 313,https://empresite.eleconomistaamerica.co/DIGITAL-VALE-SAS.html,DIGITAL VALE S A S,MARKETING-DIGITAL,(4)3121791
Actividades de desarrollo de sistemas informaticos (planificacion analisis diseño programacion pruebas),ENVIGADO,ANTIOQUIA,CALLE 35 SUR 47 71,https://empresite.eleconomistaamerica.co/DIGITAL-BOTS-SAS.html,DIGITAL BOTS S A S,MARKETING-DIGITAL,3113343125
Fabricacion de otros tipos de equipo electrico n c p,MEDELLIN,ANTIOQUIA,CARRERA 80 45 GG 74,https://empresite.eleconomistaamerica.co/DIGITAL-LTDA.html,DIGITAL LTDA,MARKETING-DIGITAL,(4)2500086
Actividades de impresion,MEDELLIN,ANTIOQUIA,CARRERA 52 50 13 OFICINA 5,https://empresite.eleconomistaamerica.co/DIGITALPRIME-SAS.html,DIGITALPRIME S A S,MARKETING-DIGITAL,(4)4483659
Educacion media tecnica y de formacion laboral,MEDELLIN,ANTIOQUIA,CALLE 49 41 09,https://empresite.eleconomistaamerica.co/CESDE-SA.html,CESDE S A,MARKETING-DIGITAL,(4)4808822
Creacion musical,MEDELLIN,ANTIOQUIA,CARRERA 81 50 54,https://empresite.eleconomistaamerica.co/DIGITAL-EDITORA-SAS.html,DIGITAL EDITORA S A S,MARKETING-DIGITAL,(4)4221685
Publicidad,MEDELLIN,ANTIOQUIA,CALLE 22 SUR 40 63,https://empresite.eleconomistaamerica.co/DIGITAL-GRAPHICX-SAS.html,DIGITAL GRAPHICX S A S,MARKETING-DIGITAL,(4)3171612
Comercio al por menor de electrodomesticos y gasodomesticos de uso domestico muebles y equipos de iluminacion,MEDELLIN,ANTIOQUIA,CALLE 48 D 66 15 LC 203,https://empresite.eleconomistaamerica.co/DIGITAL-LINK-LTDA.html,DIGITAL LINK LTDA,MARKETING-DIGITAL,(4)2605524
Comercio al por mayor de equipo partes y piezas electronicos y de telecomunicaciones,MEDELLIN,ANTIOQUIA,AVENIDA 74 B 39 B 142,https://empresite.eleconomistaamerica.co/DIGITAL-ACCESS-SAS.html,DIGITAL ACCESS S A S,MARKETING-DIGITAL,(4)4446736
Comercio al por mayor de equipo partes y piezas electronicos y de telecomunicaciones,MEDELLIN,ANTIOQUIA,CALLE 14 52 A 35,https://empresite.eleconomistaamerica.co/DIGITAL-FUSION-SAS.html,DIGITAL FUSION S A S,MARKETING-DIGITAL,3136228998
Publicidad,MEDELLIN,ANTIOQUIA,CARRERA 43 E 5 42,https://empresite.eleconomistaamerica.co/DIGITAL-VALLEY-SAS.html,DIGITAL VALLEY S A S,MARKETING-DIGITAL,(4)3119843
Actividades de desarrollo de sistemas informaticos (planificacion analisis diseño programacion pruebas),MEDELLIN,ANTIOQUIA,CALLE 63 76 55 APTO 1903,https://empresite.eleconomistaamerica.co/DIGITAL-COCKTAIL-SAS.html,DIGITAL COCKTAIL S A S,MARKETING-DIGITAL,(4)5888006
Actividades de telecomunicaciones alambricas,REMEDIOS,ANTIOQUIA,CARRERA 8 14 38,https://empresite.eleconomistaamerica.co/DIGITAL-GROUP-SAS.html,DIGITAL GROUP SAS,MARKETING-DIGITAL,(4)8303016
Otras actividades de telecomunicaciones,MEDELLIN,ANTIOQUIA,CARRERA 43 DD 9 54,https://empresite.eleconomistaamerica.co/DIGITAL-REDES-SAS.html,DIGITAL REDES S A S,MARKETING-DIGITAL,3146450036
Publicidad,SABANETA,ANTIOQUIA,CARRERA 38 A 75 SUR 20 AP 20,https://empresite.eleconomistaamerica.co/DIGITAL-TRAFFICC-SAS.html,DIGITAL TRAFFICC S A S,MARKETING-DIGITAL,3113892247
Comercio al por menor de electrodomesticos y gasodomesticos de uso domestico muebles y equipos de iluminacion,MEDELLIN,ANTIOQUIA,CARRERA 91 B 47 B 51,https://empresite.eleconomistaamerica.co/DIGITAL-BIOMETRIC-EU.html,DIGITAL BIOMETRIC E U EN LIQUIDACION,MARKETING-DIGITAL,(4)4747027
Publicidad,APARTADO,ANTIOQUIA,CARRERA 100 99 B 92,https://empresite.eleconomistaamerica.co/DIGITAL-MEDIOS-SAS.html,DIGITAL MEDIOS S A S,MARKETING-DIGITAL,3218407951
Actividades de desarrollo de sistemas informaticos (planificacion analisis diseño programacion pruebas),MEDELLIN,ANTIOQUIA,CALLE 48 A 67 60 INT 101,https://empresite.eleconomistaamerica.co/DIGITAL-MEDIC-SAS.html,DIGITAL MEDIC S A S,MARKETING-DIGITAL,3117793380
Construccion de edificios residenciales,MEDELLIN,ANTIOQUIA,CARRERA 29 D 6 A 5 LC 9812,https://empresite.eleconomistaamerica.co/DIGITAL-AMBIENT-SAS.html,DIGITAL AMBIENT S A S,MARKETING-DIGITAL,(4)4448062
Comercio al por menor de computadores equipos perifericos programas de informatica y equipos de telecomunicaciones en establecimientos especializados,MEDELLIN,ANTIOQUIA,CALLE 50 A 20 171 BL 17 30,https://empresite.eleconomistaamerica.co/DIGITAL-SPACE-SAS.html,DIGITAL SPACE S A S,MARKETING-DIGITAL,(4)2694022
Comercio al por menor de libros periodicos materiales y articulos de papeleria y escritorio en establecimientos especializados,MEDELLIN,ANTIOQUIA,CARRERA 97 41 08 AP 202,https://empresite.eleconomistaamerica.co/DIGITAL-DOCUMENT-SAS.html,DIGITAL DOCUMENT S A S,MARKETING-DIGITAL,(4)2537367
Actividades de impresion,MEDELLIN,ANTIOQUIA,CARRERA 46 30 62,https://empresite.eleconomistaamerica.co/DIGITAL-EXPRESS-LTDA.html,DIGITAL EXPRESS LTDA,MARKETING-DIGITAL,(4)4488182
Creacion audiovisual,MEDELLIN,ANTIOQUIA,CALLE 49 AC 95 29 AP 201,https://empresite.eleconomistaamerica.co/DIGITALIZACION-SAS.html,DIGITALIZACION S A S,MARKETING-DIGITAL,3173168731
Comercio al por menor de prendas de vestir y sus accesorios (incluye articulos de piel) en establecimientos especializados,MEDELLIN,ANTIOQUIA,,https://empresite.eleconomistaamerica.co/MARKETING-MARGRE-SAS.html,E MARKETING MARGRE SAS,MARKETING-DIGITAL,(4)3436279
Comercio al por mayor de aparatos y equipo de uso domestico,MEDELLIN,ANTIOQUIA,CALLE 37 66 A 34,https://empresite.eleconomistaamerica.co/MARKETING-HOUSES-SAS.html,MARKETING HOUSES S A S,MARKETING-DIGITAL,(4)2657883
Publicidad,MEDELLIN,ANTIOQUIA,,https://empresite.eleconomistaamerica.co/MARKETING-WORLD-SAS.html,MARKETING WORLD S A S,MARKETING-DIGITAL,(4)5838502
Otras actividades de servicio de apoyo a las empresas n c p,MEDELLIN,ANTIOQUIA,CENTRO COMERCIAL OVIEDO LOC 1140,https://empresite.eleconomistaamerica.co/MARKETING-BPO-SAS.html,MARKETING BPO S A S,MARKETING-DIGITAL,3113890884
Actividades inmobiliarias realizadas a cambio de una retribucion o por contrata,MEDELLIN,ANTIOQUIA,CALLE 11 43 B 50,https://empresite.eleconomistaamerica.co/MARKETING-SPORTS-SAS.html,MARKETING SPORTS S A S,MARKETING-DIGITAL,(4)6052530
Publicidad,MEDELLIN,ANTIOQUIA,CALLE 47 72 B 31 APT 401,https://empresite.eleconomistaamerica.co/MARKETING-VERDE-SAS.html,MARKETING VERDE S A S,MARKETING-DIGITAL,3006514882
Actividades de centros de llamadas (Call center),MEDELLIN,ANTIOQUIA,CARRERA 50 C 10SUR 120 LC109,https://empresite.eleconomistaamerica.co/MARKETING-AFM-SAS.html,MARKETING AFM S A S,MARKETING-DIGITAL,(4)4488827
Actividades de desarrollo de sistemas informaticos (planificacion analisis diseño programacion pruebas),BELLO,ANTIOQUIA,CARRERA 55 29 19,https://empresite.eleconomistaamerica.co/MARKETING-MEDIA-SAS.html,E MARKETING MEDIA S A S,MARKETING-DIGITAL,3017114680
Otras actividades profesionales cientificas y tecnicas n c p,MEDELLIN,ANTIOQUIA,CARRERA 80 20 A 193,https://empresite.eleconomistaamerica.co/MARKETING-SAC-SAS.html,MARKETING SAC S A S,MARKETING-DIGITAL,(4)3862147
Publicidad,MEDELLIN,ANTIOQUIA,CALLE 72 B 75 41 802,https://empresite.eleconomistaamerica.co/MARKETING-IMAGEN-EU.html,MARKETING E IMAGEN E U EN LIQUIDACION,MARKETING-DIGITAL,(4)2347497
Organizacion de convenciones y eventos comerciales,MEDELLIN,ANTIOQUIA,CARRERA 43 B 14 51,https://empresite.eleconomistaamerica.co/MARKETING-IDEAS-SAS.html,MARKETING DE IDEAS S A S,MARKETING-DIGITAL,(4)3110161
Actividades de apoyo terapeutico,BELLO,ANTIOQUIA,DIAGONAL 55 37 41 OF 445,https://empresite.eleconomistaamerica.co/MARKETING-SGS-SAS.html,MARKETING SGS S A S,MARKETING-DIGITAL,(4)5968282
Comercio al por mayor de equipo partes y piezas electronicos y de telecomunicaciones,MEDELLIN,ANTIOQUIA,CARRERA 53 50 51 LC 213,https://empresite.eleconomistaamerica.co/DIGITAL-ELECTRONICA-LTDA.html,DIGITAL ELECTRONICA LTDA,MARKETING-DIGITAL,(4)5127477
Expendio a la mesa de comidas preparadas,MEDELLIN,ANTIOQUIA,CA 48 20 34 OF 1010,https://empresite.eleconomistaamerica.co/DIGITAL-PARK-COLOMBIA-SAS.html,DIGITAL PARK COLOMBIA S A EN LIQUIDACION,MARKETING-DIGITAL,(4)4489030
Comercio al por menor de computadores equipos perifericos programas de informatica y equipos de telecomunicaciones en establecimientos especializados,MEDELLIN,ANTIOQUIA,CARRERA 48 10 45 INT 313,https://empresite.eleconomistaamerica.co/DIGITALL-TECH-MEDELLIN-SAS.html,DIGITALL TECH MEDELLIN S A S,MARKETING-DIGITAL,(4)3121791
Comercio al por menor de computadores equipos perifericos programas de informatica y equipos de telecomunicaciones en establecimientos especializados,MEDELLIN,ANTIOQUIA,CALLE 16 AA SUR 25 100 AP 404,https://empresite.eleconomistaamerica.co/DIGITAL-INC-IMPORT-SAS.html,DIGITAL INC IMPORT S A S,MARKETING-DIGITAL,(4)4448843
Comercio al por menor de libros periodicos materiales y articulos de papeleria y escritorio en establecimientos especializados,MEDELLIN,ANTIOQUIA,CALLE 14 48 33 OFICINA 2,https://empresite.eleconomistaamerica.co/DIGITAL-PHOTOGRAFIK-SAS.html,DIGITAL PHOTOGRAFIK S A S,MARKETING-DIGITAL,(4)3660495
Actividades de centros de llamadas (Call center),MEDELLIN,ANTIOQUIA,CALLE 49 B 67 B 22 PISO 2,https://empresite.eleconomistaamerica.co/DIGITAL-MARKET-SERVICES-SAS.html,DIGITAL MARKET SERVICES S A S,MARKETING-DIGITAL,3172551813
Alquiler y arrendamiento de otros tipos de maquinaria equipo y bienes tangibles n c p,MEDELLIN,ANTIOQUIA,CALLE 35 A 90 A 26,https://empresite.eleconomistaamerica.co/DIGITAL-IMPORT-MEDELLIN-SAS.html,DIGITAL IMPORT MEDELLIN S A S,MARKETING-DIGITAL,(4)4447550
Actividades de consultoria informatica y actividades de administracion de instalaciones informaticas,ENVIGADO,ANTIOQUIA,CALLE 30 SUR 43 A 51 P 3,https://empresite.eleconomistaamerica.co/DIGITAL-PARTNERS-GROUP-SAS.html,DIGITAL PARTNERS GROUP S A S,MARKETING-DIGITAL,(4)3660434
Actividades especializadas de diseño,MEDELLIN,ANTIOQUIA,CALLE 7 SUR  42 70 OFICINA,https://empresite.eleconomistaamerica.co/DIGITAL-COFFEE-COLOMBIA-SAS.html,DIGITAL COFFEE COLOMBIA S A S,MARKETING-DIGITAL,3117055350
Publicidad,MEDELLIN,ANTIOQUIA,CALLE 47 70 36,https://empresite.eleconomistaamerica.co/DIGITAL-COLOR-PRINTER-EU.html,DIGITAL COLOR PRINTER E U EN LIQUIDACION,MARKETING-DIGITAL,(4)2504325
Actividades de impresion,MEDELLIN,ANTIOQUIA,CALLE 47 70 36,https://empresite.eleconomistaamerica.co/DIGITAL-COLOR-PUBLICIDAD-SA.html,DIGITAL COLOR PUBLICIDAD S A,MARKETING-DIGITAL,(4)2504225
Actividades de servicios relacionados con la impresion,MEDELLIN,ANTIOQUIA,CALLE 5 52 36,https://empresite.eleconomistaamerica.co/DIGITAL-EXPRESS-PREPRENSA-EU.html,DIGITAL EXPRESS PREPRENSA S A S,MARKETING-DIGITAL,(4)3619305
Mantenimiento y reparacion de computadores y de equipo periferico,MEDELLIN,ANTIOQUIA,CARRERA 73 50 36,https://empresite.eleconomistaamerica.co/DIGITAL-SYSTEMS-HDL-LTDA.html,DIGITAL SYSTEMS H D L LTDA,MARKETING-DIGITAL,(4)2601243
Alquiler y arrendamiento de otros efectos personales y enseres domesticos n c p,MEDELLIN,ANTIOQUIA,DIAGONAL 75 CC 1 110 ET 3,https://empresite.eleconomistaamerica.co/DIGITAL-MEDIA-TECH-SAS.html,DIGITAL MEDIA TECH S A S,MARKETING-DIGITAL,(4)2858733
Otras actividades de servicio de informacion n c p,MEDELLIN,ANTIOQUIA,CARRERA 38 11 56 INT 1006,https://empresite.eleconomistaamerica.co/DIGITAL-AREPA-COM-SAS.html,DIGITAL AREPA COM S A S,MARKETING-DIGITAL,3044906730
Actividades de servicios relacionados con la impresion,MEDELLIN,ANTIOQUIA,CALLE 5 52 36,https://empresite.eleconomistaamerica.co/DIGITAL-PRINTING-SERVICE-SAS.html,DIGITAL PRINTING SERVICE S A S,MARKETING-DIGITAL,(4)3619305
Comercio al por mayor de equipo partes y piezas electronicos y de telecomunicaciones,MEDELLIN,ANTIOQUIA,CARRERA 65 F 4 75,https://empresite.eleconomistaamerica.co/DIGITAL-CELL-COMPANIA-LTDA.html,DIGITAL CELL Y COMPANIA LTDA,MARKETING-DIGITAL,(4)3316727
Actividades de consultoria informatica y actividades de administracion de instalaciones informaticas,MEDELLIN,ANTIOQUIA,CALLE 74 73 47 INT 401,https://empresite.eleconomistaamerica.co/MARKETINGITSOLUTIONS-SAS.html,MARKETINGITSOLUTIONS S A S,MARKETING-DIGITAL,(4)4223929
Publicidad,MEDELLIN,ANTIOQUIA,CALLE 49 51 95,https://empresite.eleconomistaamerica.co/MARKETING-GADGETS-LTDA.html,MARKETING GADGETS LTDA,MARKETING-DIGITAL,(4)2511966
Actividades de mensajeria,MEDELLIN,ANTIOQUIA,DIAGONAL 55 37 41 OFICINA 4,https://empresite.eleconomistaamerica.co/MARKETING-MENSAJERIA-SAS.html,MARKETING EN MENSAJERIA S A S,MARKETING-DIGITAL,3148968572
Publicidad,MEDELLIN,ANTIOQUIA,CALLE 5 SUR 32 127 OF 110,https://empresite.eleconomistaamerica.co/MARKETING-FACTORY-CYV-SAS.html,MARKETING FACTORY CYV S A S,MARKETING-DIGITAL,(4)3127555
Actividades de administracion empresarial,CAUCASIA,ANTIOQUIA,CARRERA 20 CALLE 15 ESQ,https://empresite.eleconomistaamerica.co/MARKETING-WORLD-CREATIVE-SAS.html,MARKETING WORLD CREATIVE SAS,MARKETING-DIGITAL,3234648503
Publicidad,MEDELLIN,ANTIOQUIA,CALLE 16 41 210 OF 903,https://empresite.eleconomistaamerica.co/MARKETING-INTELIGENTE-SAS.html,MARKETING INTELIGENTE S A S,MARKETING-DIGITAL,(4)2666474
Otros servicios de reserva y actividades relacionadas,ENVIGADO,ANTIOQUIA,TRANSVERSAL 36 SUR 33 50 IN 301,https://empresite.eleconomistaamerica.co/MARKETING-HOTELERO-SAS.html,MARKETING HOTELERO S A S,MARKETING-DIGITAL,(4)5792317
Comercio al por mayor de otros productos n c p,MEDELLIN,ANTIOQUIA,CALLE 51 81 B 41,https://empresite.eleconomistaamerica.co/MARKETING-INDUSTRIALES-SAS.html,MARKETING INDUSTRIALES S A S,MARKETING-DIGITAL,(4)2840854
Actividades de consultaria de gestion,MEDELLIN,ANTIOQUIA,CARRERA 31 59 39,https://empresite.eleconomistaamerica.co/MARKETING-INTEGRAL-LTDA.html,MARKETING INTEGRAL LTDA,MARKETING-DIGITAL,3194876982
Actividades de consultaria de gestion,MEDELLIN,ANTIOQUIA,CALLE 47 42 60 LOCAL 109,https://empresite.eleconomistaamerica.co/MARKETING-COLOMBIA-LTDA.html,MARKETING DE COLOMBIA LTDA,MARKETING-DIGITAL,(4)2399777
Otras actividades recreativas y de esparcimiento n c p,MEDELLIN,ANTIOQUIA,CARRERA 43 25 A 143,https://empresite.eleconomistaamerica.co/MARKETING-BOUTIQUE-SAS.html,MARKETING BOUTIQUE S A S,MARKETING-DIGITAL,(4)4481207
Otras actividades de servicios personales n c p,MEDELLIN,ANTIOQUIA,CALLE 51 B 81 B 47,https://empresite.eleconomistaamerica.co/MARKETING-DIFERENCIAL-SAS.html,MARKETING DIFERENCIAL S A S,MARKETING-DIGITAL,(4)5627782
Actividades inmobiliarias realizadas a cambio de una retribucion o por contrata,ENVIGADO,ANTIOQUIA,CALLE 40 D SUR 39 36 INT 302,https://empresite.eleconomistaamerica.co/MARKETING-INMOBILIARIA-SAS.html,MARKETING INMOBILIARIA S A S,MARKETING-DIGITAL,(4)5068196
Publicidad,MEDELLIN,ANTIOQUIA,CARRERA 49 49 73 806 1,https://empresite.eleconomistaamerica.co/MARKETING-GLOBAL-ENLACES-SAS.html,MARKETING GLOBAL Y ENLACES S A S,MARKETING-DIGITAL,(4)5117470
Publicidad,MEDELLIN,ANTIOQUIA,CARRERA 74 48 B 39,https://empresite.eleconomistaamerica.co/MARKETING-DEPORTIVO-EU.html,MARKETING DEPORTIVO S A S,MARKETING-DIGITAL,(4)2602223
Actividades de las agencias de viaje,MEDELLIN,ANTIOQUIA,CARRERA 66 B 34 A 76 LOCAL 3,https://empresite.eleconomistaamerica.co/MARKETING-TRAVEL-PLUS-SAS.html,MARKETING Y TRAVEL PLUS S A S,MARKETING-DIGITAL,3042497225
Actividades de consultaria de gestion,MEDELLIN,ANTIOQUIA,CARRERA 52 50 140,https://empresite.eleconomistaamerica.co/MARKETING-SOLUCIONES-SAS.html,MARKETING EN SOLUCIONES S A S,MARKETING-DIGITAL,(4)4071020
Actividades de desarrollo de sistemas informaticos (planificacion analisis diseño programacion pruebas),MEDELLIN,ANTIOQUIA,CALLE 43 C 115 B 46,https://empresite.eleconomistaamerica.co/MARKETING-CREATIVO-SAS.html,E MARKETING CREATIVO S A S,MARKETING-DIGITAL,(4)4969569
Actividades de consultaria de gestion,MEDELLIN,ANTIOQUIA,CARRERA 43 A 14 109 OF 9904,https://empresite.eleconomistaamerica.co/MARKETING-CARIBE-LTDA.html,MARKETING DEL CARIBE LTDA,MARKETING-DIGITAL,(4)2665708
Actividades de telecomunicaciones alambricas,MEDELLIN,ANTIOQUIA,CARRERA 70 A 43 75,https://empresite.eleconomistaamerica.co/MARKETING-CELLULAR-LTDA.html,MARKETING CELLULAR LTDA,MARKETING-DIGITAL,(4)4120002
Actividades de consultaria de gestion,ENVIGADO,ANTIOQUIA,CARRERA 40 38 S 32 PISO 3,https://empresite.eleconomistaamerica.co/MARKETING-MULTIDESARROLLO-EU.html,MARKETING Y MULTIDESARROLLO E U,MARKETING-DIGITAL,(4)2760532
Comercio al por menor de prendas de vestir y sus accesorios (incluye articulos de piel) en establecimientos especializados,MEDELLIN,ANTIOQUIA,CALLE 10 SU  51 C 77 PISO 2,https://empresite.eleconomistaamerica.co/MARKETING-PERSONAL-SA.html,MARKETING PERSONAL S A,MARKETING-DIGITAL,(4)6050202
Elaboracion de otros productos alimenticios n c p,ENVIGADO,ANTIOQUIA,CARRERA 46 48 C SUR 40,https://empresite.eleconomistaamerica.co/PRODIA-SA.html,PRODIA S A S,MARKETING-DIGITAL,3174395273
Otras actividades de tecnologias de informacion y actividades de servicios informaticos,MEDELLIN,ANTIOQUIA,CALLE 77 F 91 B 96,https://empresite.eleconomistaamerica.co/ASOTO-TECHNOLOGY-GROUP-SAS.html,GRUPO K7A S A,MARKETING-DIGITAL,(4)6051171
Comercio al por menor de prendas de vestir y sus accesorios (incluye articulos de piel) en establecimientos especializados,MEDELLIN,ANTIOQUIA,CARRERA 81 A 37 D 26,https://empresite.eleconomistaamerica.co/BTLSA.html,B T L S A,AGENCIAS-BTL,(4)4482209
Organizacion de convenciones y eventos comerciales,MEDELLIN,ANTIOQUIA,CALLE 19 43 G 130,https://empresite.eleconomistaamerica.co/BTL-BY-STAGE-SA.html,FIERA S A S,AGENCIAS-BTL,(4)3208080
Publicidad,ITAGUI,ANTIOQUIA,CALLE 77 50 118 IN 201,https://empresite.eleconomistaamerica.co/BTL-ADVICE-SAS.html,BTL ADVICE S A S,AGENCIAS-BTL,3012636926
Expendio por autoservicio de comidas preparadas,MEDELLIN,ANTIOQUIA,CARRERA 81 B 48 A 60 INT 401,https://empresite.eleconomistaamerica.co/BTL-STRATEGY-SAS.html,BTL STRATEGY S A S,AGENCIAS-BTL,3188364513
Publicidad,MEDELLIN,ANTIOQUIA,CARRERA 87 A 18 A 24,https://empresite.eleconomistaamerica.co/BTL-GROUP-SAS.html,BTL GROUP S A S,AGENCIAS-BTL,(4)3471844
Comercio al por menor de productos farmaceuticos y medicinales cosmeticos y articulos de tocador en establecimientos especializados,MEDELLIN,ANTIOQUIA,CARRERA 79 50 13,https://empresite.eleconomistaamerica.co/AGENCIAS-ULTRA-LTDA.html,AGENCIAS ULTRA LTDA,AGENCIAS-BTL,(4)2344367
Confeccion de prendas de vestir excepto prendas de piel,ENVIGADO,ANTIOQUIA,CARRERA 47 20 SUR 07,https://empresite.eleconomistaamerica.co/AGENCIAS-NACIONALES-LTDA.html,AGENCIAS NACIONALES LTDA,AGENCIAS-BTL,3137896082
Comercio al por mayor no especializado,YARUMAL,ANTIOQUIA,CALLE 21 19 60,https://empresite.eleconomistaamerica.co/AGENCIAS-GRANOS-WILLIAM-VILLEGAS-SAS.html,AGENCIAS DE GRANOS WILLIAM VILLEGAS S A S,AGENCIAS-BTL,(4)8871054
Actividades de juegos de azar y apuestas,MEDELLIN,ANTIOQUIA,CA 48 48 59,https://empresite.eleconomistaamerica.co/AGENCIAS-REPRESENTACIONES-LTDA.html,AGENCIAS Y REPRESENTACIONES LTDA EN LIQUIDACION,AGENCIAS-BTL,(4)5126688
Transporte de carga por carretera,SABANETA,ANTIOQUIA,CALLE 79 SUR 47E 10,https://empresite.eleconomistaamerica.co/TRANSPORTADORA-CARGA-ANTIOQUIA-SAS.html,TRANSPORTADORA DE CARGA ANTIOQUIA S A S,AGENCIAS-BTL,(4)3014242
Actividades de otras asociaciones n c p,MEDELLIN,ANTIOQUIA,CARRERA 48 20 34 OFC 904,https://empresite.eleconomistaamerica.co/ASOCIACION-COLOMBIANA-AGENCIAS-VIAJES-TURISMO-ANATO-CAPITULO-ANTIOQUIA-CHOCO.html,ASOCIACION COLOMBIANA DE AGENCIAS DE VIAJES Y TURISMO ANATO CAPITULO ANTIOQUIA CHOCO,AGENCIAS-BTL,(4)4442203
Publicidad,MEDELLIN,ANTIOQUIA,CALLE 40 88 65 INT 302,https://empresite.eleconomistaamerica.co/ACCION-LOGISTICA-BTL-SAS.html,ACCION LOGISTICA BTL S A S,AGENCIAS-BTL,(4)4968704
Publicidad,MEDELLIN,ANTIOQUIA,CALLE 49 A 36 68,https://empresite.eleconomistaamerica.co/G4-MARKETING-BTLSAS.html,G4 MARKETING B T L S A S,AGENCIAS-BTL,(4)5069682
Publicidad,MEDELLIN,ANTIOQUIA,TRANSVERSAL 39 B 77 65 INT 20,https://empresite.eleconomistaamerica.co/LINEA-BTL-SAS.html,LINEA BTL S A S,AGENCIAS-BTL,(4)4129293
Comercio al por mayor de prendas de vestir,SABANETA,ANTIOQUIA,CARRERA 43 C 61 SUR 29,https://empresite.eleconomistaamerica.co/MARKETING-PRODUCCIONES-BTL-SAS.html,MARKETING PRODUCCIONES BTL S A S,AGENCIAS-BTL,3175161913
Otras actividades profesionales cientificas y tecnicas n c p,MEDELLIN,ANTIOQUIA,CALLE 37 B 81 A 24,https://empresite.eleconomistaamerica.co/IMPACTO-EFECTIVO-BTL-EVENTOS-SAS.html,IMPACTO EFECTIVO BTL EVENTOS S A S,AGENCIAS-BTL,(4)4440559
Organizacion de convenciones y eventos comerciales,MEDELLIN,ANTIOQUIA,CALLE 32 B 65 F 14,https://empresite.eleconomistaamerica.co/TACTICA-REPRESENTANTE-BTL-OPERADOR-LOGISTICO-SAS.html,TACTICA REPRESENTANTE BTL OPERADOR LOGISTICO S A S,AGENCIAS-BTL,(4)5069770
Organizacion de convenciones y eventos comerciales,MEDELLIN,ANTIOQUIA,CALLE 37 79 32,https://empresite.eleconomistaamerica.co/TOP-CONTROL-BTL-LTDA.html,TOP CONTROL BTL S A S,AGENCIAS-BTL,(4)4444867
Organizacion de convenciones y eventos comerciales,MEDELLIN,ANTIOQUIA,CALLE 45 F 77 A 14,https://empresite.eleconomistaamerica.co/INNOVA-BTL-SAS.html,INNOVA BTL S A S,AGENCIAS-BTL,(4)5040987
Publicidad,MEDELLIN,ANTIOQUIA,CARRERA 37 A 11 B 57 APTO 14,https://empresite.eleconomistaamerica.co/FOCUS-GROUP-MARKETING-BTL-SAS.html,FOCUS GROUP MARKETING BTL S A S,AGENCIAS-BTL,3502365718
Actividades de otros servicios de comidas,SABANETA,ANTIOQUIA,CARRERA 48 61 SUR 230,https://empresite.eleconomistaamerica.co/MADEK-BTL-SAS.html,MADEK BTL S A S,AGENCIAS-BTL,(4)3015988
Publicidad,SABANETA,ANTIOQUIA,CALLE 64 SUR 39 211 APT 1907,https://empresite.eleconomistaamerica.co/ESTUDIO-BTL-EVENTOS-SAS.html,EL ESTUDIO BTL Y EVENTOS S A S,AGENCIAS-BTL,(4)4185521
Organizacion de convenciones y eventos comerciales,MEDELLIN,ANTIOQUIA,CALLE 6 SUR 70 215 INT 603,https://empresite.eleconomistaamerica.co/PROVEEMOS-TECNOLOGIA-EVENTOS-BTL-SAS.html,PROVEEMOS TECNOLOGIA Y EVENTOS BTL S A S,AGENCIAS-BTL,(4)4897782
Organizacion de convenciones y eventos comerciales,MEDELLIN,ANTIOQUIA,CALLE 32 B 70 45,https://empresite.eleconomistaamerica.co/VIP-LOGISTICA-BTL-SAS.html,V I P LOGISTICA BTL S A S,AGENCIAS-BTL,(4)2989423
Organizacion de convenciones y eventos comerciales,MEDELLIN,ANTIOQUIA,CARRERA 78 A 34 A 81,https://empresite.eleconomistaamerica.co/ARTERIA-BTL-SAS.html,ARTERIA BTL S A S,AGENCIAS-BTL,(4)4126600
Actividades de consultaria de gestion,ENVIGADO,ANTIOQUIA,DIAGONAL 32 33 SUR 17,https://empresite.eleconomistaamerica.co/CONCEPTO-BTL-SAS.html,CONCEPTO BTL S A S,AGENCIAS-BTL,(4)2765150
Organizacion de convenciones y eventos comerciales,MEDELLIN,ANTIOQUIA,CALLE 52 49 27 OF 1104,https://empresite.eleconomistaamerica.co/EMOCION-BTL-SAS.html,EMOCION BTL S A S,AGENCIAS-BTL,(4)4486413
Organizacion de convenciones y eventos comerciales,MEDELLIN,ANTIOQUIA,CALLE 48 B 77 C 35,https://empresite.eleconomistaamerica.co/MA-AGENCIA-BTL-SAS.html,M A AGENCIA BTL S A S,AGENCIAS-BTL,(4)4441162
Publicidad,MEDELLIN,ANTIOQUIA,CALLE 47 78 A 15,https://empresite.eleconomistaamerica.co/CONTRASTE-BTL-SAS.html,CONTRASTE BTL S A S,AGENCIAS-BTL,(4)3668938
Organizacion de convenciones y eventos comerciales,MEDELLIN,ANTIOQUIA,CARRERA 29 C 3 20 APTO 404,https://empresite.eleconomistaamerica.co/ACTIVE-BTL-SAS.html,ACTIVE BTL S A S,AGENCIAS-BTL,(4)3127832
Publicidad,MEDELLIN,ANTIOQUIA,TRANSVERSAL 5 A 45 91,https://empresite.eleconomistaamerica.co/EVOLUTION-BTL-LTDA.html,EVOLUTION BTL S A,AGENCIAS-BTL,(4)4443330
Publicidad,ENVIGADO,ANTIOQUIA,CARRERA 26 39 SUR 10 IN 1,https://empresite.eleconomistaamerica.co/4-ANTZ-BTL-SAS.html,4 ANTZ BTL S A S,AGENCIAS-BTL,(4)3793507
Publicidad,ENVIGADO,ANTIOQUIA,CARRERA 43 A 27 A SUR 86,https://empresite.eleconomistaamerica.co/GARAJE-BTL-SAS.html,EL GARAJE BTL S A S,AGENCIAS-BTL,(4)3096786
Comercio al por mayor de materiales de construccion articulos de ferreteria pinturas productos de vidrio equipo y materiales de fontaneria y calefaccion,MEDELLIN,ANTIOQUIA,CALLE 19 A 43 B 41,https://empresite.eleconomistaamerica.co/DESTILADOS-SOLVENTES-SA.html,CACHARRERIA MUNDIAL S A S,ILUMINACION-Y-SONIDO,(4)2619100
Actividades de clubes deportivos,MEDELLIN,ANTIOQUIA,CALLE 16 A SUR 34 950,https://empresite.eleconomistaamerica.co/CORPORACION-CLUB-CAMPESTRE.html,CORPORACION CLUB CAMPESTRE,ILUMINACION-EVENTOS,(4)3259000
Comercio al por menor de electrodomesticos y gasodomesticos de uso domestico muebles y equipos de iluminacion,ITAGUI,ANTIOQUIA,CALLE 55 46 46,https://empresite.eleconomistaamerica.co/DISTECSA-SAS.html,DISTECSA  S A S,ILUMINACION-EVENTOS,(4)4441788
Comercio al por menor de otros articulos domesticos en establecimientos especializados,MEDELLIN,ANTIOQUIA,CARRERA 56 50 27,https://empresite.eleconomistaamerica.co/ILUMINACION-CONTROL-SAS.html,ILUMINACION Y CONTROL S A S,ILUMINACION-EVENTOS,(4)2513443
Comercio al por mayor de materiales de construccion articulos de ferreteria pinturas productos de vidrio equipo y materiales de fontaneria y calefaccion,MEDELLIN,ANTIOQUIA,CALLE 51 55 49,https://empresite.eleconomistaamerica.co/ILUMINACIONES-BOYACA-LTDA.html,ILUMINACIONES BOYACA LTDA,ILUMINACION-EVENTOS,(4)5112706
Comercio al por menor de electrodomesticos y gasodomesticos de uso domestico muebles y equipos de iluminacion,MEDELLIN,ANTIOQUIA,CARRERA 55 50 19,https://empresite.eleconomistaamerica.co/ILUMINACIONES-LAMPARAS-LTDA.html,ILUMINACIONES Y LAMPARAS LTDA,ILUMINACION-EVENTOS,(4)5129109
Comercio al por menor de electrodomesticos y gasodomesticos de uso domestico muebles y equipos de iluminacion,ENVIGADO,ANTIOQUIA,CALLE 31 SUR 43 A 75,https://empresite.eleconomistaamerica.co/ILUMINACION-REFLECTORES-SAS.html,ILUMINACION Y REFLECTORES S A S,ILUMINACION-EVENTOS,(4)2700435
Actividades de arquitectura e ingenieria y otras actividades conexas de consultoria tecnica,MEDELLIN,ANTIOQUIA,CARRERA 55 51 33,https://empresite.eleconomistaamerica.co/ILUMINACIONES-ELMECO-LTDA.html,ILUMINACIONES ELMECO LTDA,ILUMINACION-EVENTOS,(4)5130206
Comercio al por menor de articulos de ferreteria pinturas y productos de vidrio en establecimientos especializados,MEDELLIN,ANTIOQUIA,,https://empresite.eleconomistaamerica.co/ILUMINACIONES-MARIA-V-LTDA.html,ILUMINACIONES MARIA V LTDA,ILUMINACION-EVENTOS,(4)2552021
Actividades de arquitectura e ingenieria y otras actividades conexas de consultoria tecnica,MEDELLIN,ANTIOQUIA,CARRERA 43 A 23 18,https://empresite.eleconomistaamerica.co/ILUMINACION-TECNOLOGIA-LTDA.html,ILUMINACION Y TECNOLOGIA LTDA,ILUMINACION-EVENTOS,(4)2322632
Comercio al por mayor de otros tipos de maquinaria y equipo n c p,MEDELLIN,ANTIOQUIA,CALLE 32 D 80 B 60,https://empresite.eleconomistaamerica.co/ILUMINACION-NERGIS-SAS.html,ILUMINACION Y NERGIS S A S,ILUMINACION-EVENTOS,(4)4486645
Otras actividades recreativas y de esparcimiento n c p,MEDELLIN,ANTIOQUIA,CARRERA 51 49 59,https://empresite.eleconomistaamerica.co/EVENTOS-MGRSAS.html,EVENTOS M G R S A S,ILUMINACION-EVENTOS,(4)5115182
Actividades de arquitectura e ingenieria y otras actividades conexas de consultoria tecnica,SABANETA,ANTIOQUIA,CARRERA 49 61 SUR 540,https://empresite.eleconomistaamerica.co/CIELO-SA.html,EL CIELO S A S,ILUMINACION-EVENTOS,3155076799
Organizacion de convenciones y eventos comerciales,MEDELLIN,ANTIOQUIA,CARRERA 73 CIRC 1 25,https://empresite.eleconomistaamerica.co/TICKET-FACTORY-EXPRESS-SAS.html,TICKET FACTORY EXPRESS S A S,ILUMINACION-EVENTOS,(4)6050065
Otras actividades de servicio de apoyo a las empresas n c p,MEDELLIN,ANTIOQUIA,CARRERA 77 38 105,https://empresite.eleconomistaamerica.co/EVENTOS-SEMILLAS-SAS.html,EVENTOS SEMILLAS S A S,ILUMINACION-EVENTOS,(4)5806258
Otras actividades de servicio de apoyo a las empresas n c p,MEDELLIN,ANTIOQUIA,CALLE 30 A 81 31,https://empresite.eleconomistaamerica.co/EVENTOS-HAPPY-ON-SAS.html,EVENTOS HAPPY ON S A S,ILUMINACION-EVENTOS,(4)5805392
Catering para eventos,MEDELLIN,ANTIOQUIA,CARRERA 43 A 7 D 65 PISO 2,https://empresite.eleconomistaamerica.co/EVENTOS-AGASAJOS-SAS.html,EVENTOS AGASAJOS S A S,ILUMINACION-EVENTOS,(4)4440217
Otros tipos de expendio de comidas preparadas n c p,MEDELLIN,ANTIOQUIA,CALLE 55 32 45,https://empresite.eleconomistaamerica.co/EVENTOS-PRESTIGIO-EU.html,EVENTOS PRESTIGIO E U EN LIQUIDACION,ILUMINACION-EVENTOS,(4)2176633
Actividades de consultaria de gestion,MEDELLIN,ANTIOQUIA,CALLE 48 B 81 A 34,https://empresite.eleconomistaamerica.co/EVENTOS-OCEANOS-EAT.html,EVENTOS OCEANOS E A T EN LIQUIDACION,ILUMINACION-EVENTOS,(4)2343089
Organizacion de convenciones y eventos comerciales,MEDELLIN,ANTIOQUIA,CALLE 115 64 D 12 IN 301,https://empresite.eleconomistaamerica.co/EVENTOS-EVENCAPT-SAS.html,EVENTOS EVENCAPT S A S,ILUMINACION-EVENTOS,3108493148
Organizacion de convenciones y eventos comerciales,MEDELLIN,ANTIOQUIA,CALLE 42 71 25,https://empresite.eleconomistaamerica.co/EVENTOS-TIEMPO-SAS.html,EVENTOS A TIEMPO S A S,ILUMINACION-EVENTOS,3104498149
Actividades de espectaculos musicales en vivo,MEDELLIN,ANTIOQUIA,CALLE 39 106 A 79,https://empresite.eleconomistaamerica.co/EVENTOS-DEXAN-SAS.html,EVENTOS DEXAN S A S,ILUMINACION-EVENTOS,(4)2536893
Organizacion de convenciones y eventos comerciales,MEDELLIN,ANTIOQUIA,CARRERA 50 51 37,https://empresite.eleconomistaamerica.co/EVENTOS-ARISTI-SAS.html,EVENTOS ARISTI S A S,ILUMINACION-EVENTOS,(4)2932025
Organizacion de convenciones y eventos comerciales,MEDELLIN,ANTIOQUIA,CARRERA 36 2 SUR 60 INTERI,https://empresite.eleconomistaamerica.co/EVENTOS-FITNESS-SAS.html,EVENTOS FITNESS S A S,ILUMINACION-EVENTOS,(4)3225355
Alojamiento en hoteles,BARBOSA,ANTIOQUIA,LUGAR CENTRO RECREACIONAL YARUMITO,https://empresite.eleconomistaamerica.co/EVENTOS-SOLENI-SAS.html,EVENTOS SOLENI S A S,ILUMINACION-EVENTOS,(4)4061398
Fabricacion de joyas bisuteria y articulos conexos,MEDELLIN,ANTIOQUIA,,https://empresite.eleconomistaamerica.co/EVENTOS-SOCIEDAD-SH.html,EVENTOS SOCIEDAD  S H,ILUMINACION-EVENTOS,(4)2395525
Comercio al por mayor no especializado,MEDELLIN,ANTIOQUIA,CALLE 75 75 100,https://empresite.eleconomistaamerica.co/ILUMINACION-SOLUCIONES-INTEGRALES-SAS.html,ILUMINACION Y SOLUCIONES INTEGRALES S A S,ILUMINACION-EVENTOS,(4)2348446
Comercio al por mayor de aparatos y equipo de uso domestico,MEDELLIN,ANTIOQUIA,CALLE 7 A SUR 38 69 APTO 1204,https://empresite.eleconomistaamerica.co/ILUMINACION-ARQUITECTONICA-COMPANIA-LTDA.html,ILUMINACION ARQUITECTONICA COMPANIA LTDA,ILUMINACION-EVENTOS,(4)3126336
Mantenimiento y reparacion especializado de equipo electrico,MEDELLIN,ANTIOQUIA,CALLE 10 43E 100,https://empresite.eleconomistaamerica.co/ILUMINACIONES-SERVICIOS-MC-LTDA.html,ILUMINACIONES Y SERVICIOS M C LTDA,ILUMINACION-EVENTOS,(4)2681158
Generacion de energia electrica,LA CEJA,ANTIOQUIA,CALLE 20 22 03 LC 120,https://empresite.eleconomistaamerica.co/ILUMINACION-DESARROLLOS-TECNOLOGICOS-SAS-ESP.html,ILUMINACION Y DESARROLLOS TECNOLOGICOS SAS ESP,ILUMINACION-EVENTOS,3116344933
Fabricacion de productos metalicos para uso estructural,RIONEGRO,ANTIOQUIA,VEREDA PONTEZUELA,https://empresite.eleconomistaamerica.co/ILUMINACIONES-NAVIDENAS-REDES-ESTRUCTURAS-SAS.html,D ILUMINACE S A S,ILUMINACION-EVENTOS,(4)5390064
Fabricacion de equipos electricos de iluminacion,ENVIGADO,ANTIOQUIA,TRANSVERSAL 31 SUR 32 D 74,https://empresite.eleconomistaamerica.co/ILUMINACIONES-LAMPARAS-ILULAMP-LTDA.html,ILUMINACIONES Y LAMPARAS ILULAMP LTDA,ILUMINACION-EVENTOS,(4)3327969
Fabricacion de equipos electricos de iluminacion,ENVIGADO,ANTIOQUIA,CALLE 45 C SUR 40 56,https://empresite.eleconomistaamerica.co/ILUMINACIONES-GYG-COMPANIA-LTDA.html,ILUMINACIONES G Y G COMPANIA LTDA,ILUMINACION-EVENTOS,(4)2705239
Comercio al por menor de electrodomesticos y gasodomesticos de uso domestico muebles y equipos de iluminacion,MEDELLIN,ANTIOQUIA,CARRERA 56 50 68,https://empresite.eleconomistaamerica.co/ILUMINACIONES-DAY-LIGHT-CIA-LTDA.html,ILUMINACIONES DAY LIGHT CIA LTDA,ILUMINACION-EVENTOS,(4)5127980
Comercio al por mayor de materiales de construccion articulos de ferreteria pinturas productos de vidrio equipo y materiales de fontaneria y calefaccion,MEDELLIN,ANTIOQUIA,CALLE 19 A 43 B 41,https://empresite.eleconomistaamerica.co/DESTILADOS-SOLVENTES-SA.html,CACHARRERIA MUNDIAL S A S,ILUMINACION-EVENTOS,(4)2619100
Comercio al por menor de otros articulos domesticos en establecimientos especializados,MEDELLIN,ANTIOQUIA,TRANSVERSAL 38 73 51,https://empresite.eleconomistaamerica.co/CAJA-COLORES-SAS.html,CAJA DE COLORES S A S,ILUMINACION-EVENTOS,(4)4114723
Otras actividades de servicio de apoyo a las empresas n c p,MEDELLIN,ANTIOQUIA,CARRERA 50 C 77 57,https://empresite.eleconomistaamerica.co/EVENTOS-FITEC-MEDELLIN-SAS.html,EVENTOS FITEC MEDELLIN S A S,ILUMINACION-EVENTOS,(4)2334261
Organizacion de convenciones y eventos comerciales,MEDELLIN,ANTIOQUIA,CALLE 15 D SUR  32 B 22,https://empresite.eleconomistaamerica.co/EVENTOS-VINEDOS-PALMAR-SAS.html,EVENTOS VINEDOS DEL PALMAR S A S,ILUMINACION-EVENTOS,3136096072
Organizacion de convenciones y eventos comerciales,MEDELLIN,ANTIOQUIA,VIA CIRCULAR 2 71 31,https://empresite.eleconomistaamerica.co/EVENTOS-CASA-CRISTAL-SAS.html,EVENTOS CASA CRISTAL S A S,ILUMINACION-EVENTOS,(4)5824561
Alquiler y arrendamiento de equipo recreativo y deportivo,MEDELLIN,ANTIOQUIA,CARRERA 85 53 B 80 BL 14,https://empresite.eleconomistaamerica.co/EVENTOS-SUPERNOVA-SAS.html,EVENTOS SUPERNOVA S A S,ILUMINACION-EVENTOS,(4)4226369
Organizacion de convenciones y eventos comerciales,MEDELLIN,ANTIOQUIA,CARRERA 71 C 1 8,https://empresite.eleconomistaamerica.co/EVENTOS-SUPER-RUNNERS-SAS.html,EVENTOS SUPER RUNNERS S A S,ILUMINACION-EVENTOS,(4)4132662
Organizacion de convenciones y eventos comerciales,RIONEGRO,ANTIOQUIA,CALLE 41 C 61 DD 52,https://empresite.eleconomistaamerica.co/EVENTOS-LOGISTICA-FW-SAS.html,EVENTOS Y LOGISTICA FW S A S,ILUMINACION-EVENTOS,(4)6145813
Transporte de carga por carretera,MEDELLIN,ANTIOQUIA,CARRERA 80 19 80,https://empresite.eleconomistaamerica.co/EVENTOS-TRANSPORTES-SYA-SAS.html,EVENTOS Y TRANSPORTES SYA S A S,ILUMINACION-EVENTOS,(4)3530207
Organizacion de convenciones y eventos comerciales,MEDELLIN,ANTIOQUIA,CARRERA 51 1 SUR 50,https://empresite.eleconomistaamerica.co/EVENTOS-SONIDO-RSU-SAS.html,EVENTOS Y SONIDO RSU S A S,ILUMINACION-EVENTOS,(4)4440458
Organizacion de convenciones y eventos comerciales,SABANETA,ANTIOQUIA,CARRERA 43 B 72 SUR 16 AP 302,https://empresite.eleconomistaamerica.co/EVENTOS-SANT-ANGELO-SAS.html,EVENTOS SANT ANGELO S A S,ILUMINACION-EVENTOS,3128173791
Organizacion de convenciones y eventos comerciales,MEDELLIN,ANTIOQUIA,CARRERA 54 1 A 36,https://empresite.eleconomistaamerica.co/EVENTOS-PRODUCCION-EH-SAS.html,EVENTOS Y PRODUCCION EH SAS,ILUMINACION-EVENTOS,3217119680
Otros tipos de expendio de comidas preparadas n c p,MEDELLIN,ANTIOQUIA,CALLE 10 42 45 OF 431,https://empresite.eleconomistaamerica.co/EVENTOS-BUFFET-GOURMET-SAS.html,EVENTOS BUFFET Y GOURMET S A S,ILUMINACION-EVENTOS,(4)3114889
Elaboracion de comidas y platos preparados,MEDELLIN,ANTIOQUIA,CARRERA 29 C 3 20 AP 404,https://empresite.eleconomistaamerica.co/EVENTOS-INVERSIONES-SAS.html,EVENTOS E INVERSIONES S A S,ILUMINACION-EVENTOS,(4)3127832
Organizacion de convenciones y eventos comerciales,MEDELLIN,ANTIOQUIA,CARRERA 43 A 18 SUR 135,https://empresite.eleconomistaamerica.co/EVENTOS-PERFECTOS-SAS.html,EVENTOS PERFECTOS S A S,ILUMINACION-EVENTOS,(4)4446776
Otras instalaciones especializadas,MEDELLIN,ANTIOQUIA,CALLE 34 B 65 D 02 OF 201,https://empresite.eleconomistaamerica.co/EVENTOS-FERIAS-EVENFER-SAS.html,EVENTOS Y FERIAS EVENFER S A S,ILUMINACION-EVENTOS,(4)5202042
Otras actividades recreativas y de esparcimiento n c p,MEDELLIN,ANTIOQUIA,CARRERA 84 34 31,https://empresite.eleconomistaamerica.co/EVENTOS-7R-LOGISTIC-SAS.html,EVENTOS 7R LOGISTIC S A S,ILUMINACION-EVENTOS,3176924312
Catering para eventos,MEDELLIN,ANTIOQUIA,CARRERA 15 19 SUR 183 INT,https://empresite.eleconomistaamerica.co/EVENTOS-PARTY-KIDS-SAS.html,EVENTOS PARTY KIDS S A S,ILUMINACION-EVENTOS,3218777477
Organizacion de convenciones y eventos comerciales,MEDELLIN,ANTIOQUIA,CARRERA 42 3 SUR 81 T 1,https://empresite.eleconomistaamerica.co/EVENTOS-ENERGIA-CREATIVA-SAS.html,EVENTOS ENERGIA CREATIVA S A S,ILUMINACION-EVENTOS,(4)6137291
Confección de prendas de vestir,MEDELLIN,ANTIOQUIA,CL 16 55 129,https://empresite.eleconomistaamerica.co/PARENTESIS-SA.html,PARENTESIS S A EN LIQUIDACION,ILUMINACION-EVENTOS,(4)2653111
Estudios de mercado y realizacion de encuestas de opinion publica,MEDELLIN,ANTIOQUIA,CALLE 12 31 193,https://empresite.eleconomistaamerica.co/INCENTIVA-GROUP-SAS.html,INCENTIVA GROUP S A S,ILUMINACION-EVENTOS,(4)2666208
Actividades de asociaciones empresariales y de empleadores,MEDELLIN,ANTIOQUIA,CARRERA 43 A 1 50 TORRE 2,https://empresite.eleconomistaamerica.co/ASOCIACION-NACIONAL-EMPRESARIOS-COLOMBIA.html,ASOCIACION NACIONAL DE EMPRESARIOS DE COLOMBIA,ILUMINACION-EVENTOS,(4)3265100
Comercio al por menor de prendas de vestir y sus accesorios (incluye articulos de piel) en establecimientos especializados,MEDELLIN,ANTIOQUIA,CALLE 16 55 97,https://empresite.eleconomistaamerica.co/ESTUDIO-MODA-SA.html,ESTUDIO DE MODA S A S,ILUMINACION-EVENTOS,(4)2653111
Actividades de espectaculos musicales en vivo,MEDELLIN,ANTIOQUIA,CALLE 33 C 88 A 115 APT 91,https://empresite.eleconomistaamerica.co/EVENTOS-PRODUCCIONES-CAMC-SAS.html,EVENTOS Y PRODUCCIONES CAMC S A S,ILUMINACION-EVENTOS,(4)5838740
Otros tipos de expendio de comidas preparadas n c p,ENVIGADO,ANTIOQUIA,CALLE 48 F SUR 40 03 INT 132,https://empresite.eleconomistaamerica.co/EVENTOS-LOGISTICA-CATERING-ZARATOGA-SAS.html,EVENTOS LOGISTICA Y CATERING ZARATOGA S A S,ILUMINACION-EVENTOS,(4)4444709
Alquiler y arrendamiento de otros tipos de maquinaria equipo y bienes tangibles n c p,SABANETA,ANTIOQUIA,CARRERA 48 61 SUR 115,https://empresite.eleconomistaamerica.co/EVENTOS-CONTROL-TOTAL-MILLENNIUM-SAS.html,EVENTOS CONTROL TOTAL MILLENNIUM S A S,ILUMINACION-EVENTOS,(4)4444443
Catering para eventos,LA ESTRELLA,ANTIOQUIA,CALLE 81 SUR 65 245,https://empresite.eleconomistaamerica.co/EVENTOS-SOCIALES-EMPRESARIALES-ROMERAL-SAS.html,EVENTOS SOCIALES Y EMPRESARIALES EL ROMERAL S A S,ILUMINACION-EVENTOS,(4)3020828
Organizacion de convenciones y eventos comerciales,MEDELLIN,ANTIOQUIA,CALLE 52 49 27 OFICINA 1,https://empresite.eleconomistaamerica.co/EVENTOS-FORMACION-EMPRESARIAL-SAS.html,EVENTOS Y FORMACION EMPRESARIAL S A S,ILUMINACION-EVENTOS,(4)2515462
Organizacion de convenciones y eventos comerciales,MEDELLIN,ANTIOQUIA,CALLE 77 D 86 37,https://empresite.eleconomistaamerica.co/EVENTOS-LOGISTICA-MEDELLIN-SAS.html,EVENTOS Y LOGISTICA MEDELLIN S A S,ILUMINACION-EVENTOS,(4)5701117
Catering para eventos,MEDELLIN,ANTIOQUIA,CARRERA 73 20 A 40,https://empresite.eleconomistaamerica.co/EVENTOS-MOMENTOS-ESPECIALES-SAS.html,EVENTOS Y MOMENTOS ESPECIALES S A S,ILUMINACION-EVENTOS,(4)5884250
Alquiler y arrendamiento de otros tipos de maquinaria equipo y bienes tangibles n c p,MEDELLIN,ANTIOQUIA,CARRERA 83 48 BB 52,https://empresite.eleconomistaamerica.co/EVENTOS-COMUNICACIONES-COLOMBIA-LTDA.html,EVENTOS Y COMUNICACIONES DE COLOMBIA LTDA,ILUMINACION-EVENTOS,(4)4217662
Actividades de otros servicios de comidas,MEDELLIN,ANTIOQUIA,CARRERA 80 46 27,https://empresite.eleconomistaamerica.co/EVENTOS-CELEBRACIONES-INSPIRATO-SAS.html,EVENTOS Y CELEBRACIONES INSPIRATO S A S,ILUMINACION-EVENTOS,3127180479
Actividades de telecomunicaciones alambricas,BELLO,ANTIOQUIA,CARRERA 55 A 30 B 16,https://empresite.eleconomistaamerica.co/EVENTOS-PRODUCCIONES-RUMBAG-EU.html,EVENTOS Y PRODUCCIONES RUMBAG E U,ILUMINACION-EVENTOS,
Actividades combinadas de servicios administrativos de oficina,EL RETIRO,ANTIOQUIA,VIA PALMAS KM 24,https://empresite.eleconomistaamerica.co/EVENTOS-RECURSOS-ESTRATEGICOS-SAS.html,EVENTOS Y RECURSOS ESTRATEGICOS S A S,ILUMINACION-EVENTOS,3122433896
Comercio al por menor en establecimientos no especializados con surtido compuesto principalmente por productos diferentes de alimentos (viveres en general) bebidas y tabaco,APARTADO,ANTIOQUIA,CALLE 98 100 29,https://empresite.eleconomistaamerica.co/EVENTOS-RECREACION-DIVERTOWN-SAS.html,EVENTOS Y RECREACION DIVERTOWN S A S,ILUMINACION-EVENTOS,(4)8280821
Otras actividades de servicio de apoyo a las empresas n c p,BELLO,ANTIOQUIA,CARRERA 50 52 30 OF 301,https://empresite.eleconomistaamerica.co/EVENTOS-JFZ-SOCIEDAD-ACCIONES-SIMPLIFICADA.html,EVENTOS JFZ SOCIEDAD POR ACCIONES SIMPLIFICADA EN LIQUIDACION,ILUMINACION-EVENTOS,(4)2738241
Organizacion de convenciones y eventos comerciales,ITAGUI,ANTIOQUIA,CALLE 78 52 D 130,https://empresite.eleconomistaamerica.co/EVENTOS-EXTREMO-PRODUCCIONES-COMPANIA-LTDA.html,EVENTOS EXTREMO PRODUCCIONES Y COMPANIA LTDA,ILUMINACION-EVENTOS,(4)4488307
Catering para eventos,MEDELLIN,ANTIOQUIA,,https://empresite.eleconomistaamerica.co/EVENTOS-EMPRESARIALES-CATERING-SAS.html,EVENTOS EMPRESARIALES CATERING S A S,ILUMINACION-EVENTOS,
Ganaderia,MEDELLIN,ANTIOQUIA,CARRERA 53 B 13 A SUR 65,https://empresite.eleconomistaamerica.co/EVENTOS-ASESORIAS-AGROPECUARIAS-EU-AGROLOGIS.html,EVENTOS Y ASESORIAS AGROPECUARIAS E U AGROLOGIS E U EN LIQUIDACION,ILUMINACION-EVENTOS,(4)3546556
Actividades de las agencias de viaje,MEDELLIN,ANTIOQUIA,CALLE 20 88 189,https://empresite.eleconomistaamerica.co/EVENTOS-TURISMO-MAR-CIELO-LTDA.html,EVENTOS Y TURISMO MAR Y CIELO LTDA,ILUMINACION-EVENTOS,(4)3474517
Catering para eventos,MEDELLIN,ANTIOQUIA,CARRERA 48 B 10 SUR 35,https://empresite.eleconomistaamerica.co/EVENTOS-BANQUETES-VANGUARDIA-SAS.html,EVENTOS Y BANQUETES VANGUARDIA S A S,ILUMINACION-EVENTOS,(4)3121617
Comercio al por menor de otros articulos domesticos en establecimientos especializados,MEDELLIN,ANTIOQUIA,CARRERA 56 50 14,https://empresite.eleconomistaamerica.co/ELECTRO-ILUMINACIONES-COLOMBIA-SAS.html,ELECTRO ILUMINACIONES COLOMBIA S A S,ILUMINACION-EVENTOS,(4)4486152
Comercio al por mayor de otros productos n c p,MEDELLIN,ANTIOQUIA,CARRERA 94 42 C 57,https://empresite.eleconomistaamerica.co/MUNDO-ILUMINACION-MAS-SAS.html,MUNDO ILUMINACION Y MAS S A S,ILUMINACION-EVENTOS,(4)4441997
Comercio al por menor de otros productos nuevos en establecimientos especializados,MEDELLIN,ANTIOQUIA,CARRERA 43 C 10 38,https://empresite.eleconomistaamerica.co/CENTRO-LUZ-ILUMINACIONES-SERVICIOS-SAS.html,CENTRO LUZ ILUMINACIONES Y SERVICIOS S A S,ILUMINACION-EVENTOS,(4)2681158
Comercio al por mayor no especializado,MEDELLIN,ANTIOQUIA,CALLE 31 44 109,https://empresite.eleconomistaamerica.co/ELECTRO-ILUMINACIONES-JD-SAS.html,ELECTRO ILUMINACIONES JD S A S,ILUMINACION-EVENTOS,(4)4441586
Elaboración de productos alimenticios,MEDELLIN,ANTIOQUIA,CALLE 51 55 71,https://empresite.eleconomistaamerica.co/TARGETY-ILUMINACIONES-LTDA.html,TARGETY ILUMINACIONES LTDA,ILUMINACION-EVENTOS,(4)5113966
Comercio al por mayor de aparatos y equipo de uso domestico,ITAGUI,ANTIOQUIA,CARRERA 42 67 A 119,https://empresite.eleconomistaamerica.co/LASER-ILUMINACION-SA.html,LASER ILUMINACION S A,ILUMINACION-EVENTOS,(4)3743888
Comercio al por mayor a cambio de una retribucion o por contrata,MEDELLIN,ANTIOQUIA,CARRERA 32 18 C 79 INT 940,https://empresite.eleconomistaamerica.co/GRUPO-EMPRESARIAL-NUEVA-ILUMINACION-COLOMBIA-SAS.html,GRUPO EMPRESARIAL NUEVA ILUMINACION COLOMBIA S A S,ILUMINACION-EVENTOS,3148097642
Comercio al por mayor de materiales de construccion articulos de ferreteria pinturas productos de vidrio equipo y materiales de fontaneria y calefaccion,MEDELLIN,ANTIOQUIA,CALLE 67 C 105 237 INT 980,https://empresite.eleconomistaamerica.co/AYB-ELECTRICOS-ILUMINACION-SAS.html,A Y B ELECTRICOS E ILUMINACION S A S,ILUMINACION-EVENTOS,(4)4930448
Comercio al por menor de electrodomesticos y gasodomesticos de uso domestico muebles y equipos de iluminacion,MEDELLIN,ANTIOQUIA,CALLE 37 45 15 LOC 104,https://empresite.eleconomistaamerica.co/CENTRO-ILUMINACION-LTDA.html,CENTRO DE ILUMINACION LTDA,ILUMINACION-EVENTOS,(4)2323520
Instalaciones electricas,FREDONIA,ANTIOQUIA,CALLE 50 50 58,https://empresite.eleconomistaamerica.co/ANTIOQUENA-ILUMINACIONES-SASESP.html,ANTIOQUENA DE ILUMINACIONES S A S E S P,ILUMINACION-EVENTOS,(4)8401264
Comercio al por mayor no especializado,ABURRA SUR,ANTIOQUIA,CALLE 85 48 01,https://empresite.eleconomistaamerica.co/ESTUDIOS-ILUMINACION-SAS.html,ESTUDIOS DE ILUMINACION S A S,ILUMINACION-EVENTOS,(4)4183180
Comercio al por menor de electrodomesticos y gasodomesticos de uso domestico muebles y equipos de iluminacion,MEDELLIN,ANTIOQUIA,CALLE 16 AA SUR 25 100 APT 404,https://empresite.eleconomistaamerica.co/DECOR-ILUMINACION-SAS.html,DECOR ILUMINACION S A S,ILUMINACION-EVENTOS,(4)4448843
Fabricacion de muebles,MEDELLIN,ANTIOQUIA,CL 124 49 B 52 APTO 30,https://empresite.eleconomistaamerica.co/ARTESA-DISENO-ILUMINACION-EU.html,ARTESA DISENO E ILUMINACION E U,ILUMINACION-EVENTOS,(4)4644723
,MEDELLIN,ANTIOQUIA,CALLE 49 77 C 20,https://empresite.eleconomistaamerica.co/PROYECTOS-ILUMINACION-SAS.html,PROYECTOS E ILUMINACION S A S,ILUMINACION-EVENTOS,
Actividades de arquitectura e ingenieria y otras actividades conexas de consultoria tecnica,MEDELLIN,ANTIOQUIA,CARRERA 81 A 33 AA 77,https://empresite.eleconomistaamerica.co/II-INGENIERIA-ILUMINACION-SAS.html,I I INGENIERIA E ILUMINACION S A S,ILUMINACION-EVENTOS,3148915994
Expendio a la mesa de comidas preparadas,MEDELLIN,ANTIOQUIA,CARRERA 43 A 30 25 L 3101,https://empresite.eleconomistaamerica.co/GASTRONOMIA-SS-SAS.html,GASTRONOMIA SS S A S,GASTRONOMIA,(4)6042903
,MEDELLIN,ANTIOQUIA,CA 51 6 SUR 8,https://empresite.eleconomistaamerica.co/GASTRONOMIA-INDUSTRIAL-SAS.html,GASTRONOMIA INDUSTRIAL S A EN LIQUIDACION,GASTRONOMIA,
,MEDELLIN,ANTIOQUIA,CA 51 10 B SUR 17,https://empresite.eleconomistaamerica.co/GASTRONOMIA-CREATIVA-SAS.html,GASTRONOMIA CREATIVA S A S,GASTRONOMIA,
,MEDELLIN,ANTIOQUIA,CARRERA 30 8 B 81/83,https://empresite.eleconomistaamerica.co/GASTRONOMIA-ARGENTINA-EU.html,GASTRONOMIA ARGENTINA E U,GASTRONOMIA,
,MEDELLIN,ANTIOQUIA,CARRERA 71 A 51 12 INTERIOR,https://empresite.eleconomistaamerica.co/GASTRONOMIA-SALUDABLE-SA.html,GASTRONOMIA SALUDABLE S A,GASTRONOMIA,
,MEDELLIN,ANTIOQUIA,CARRERA 36 8 A 135,https://empresite.eleconomistaamerica.co/GASTRONOMIA-MEXICANA-VALLARANGO-SAS.html,GASTRONOMIA MEXICANA VALLARANGO S A S,GASTRONOMIA,
Expendio a la mesa de comidas preparadas,MEDELLIN,ANTIOQUIA,CARRERA 51 6 SUR 8,https://empresite.eleconomistaamerica.co/GASTRONOMIA-EVENTOS-EMPRESARIALES-SAS.html,GASTRONOMIA Y EVENTOS EMPRESARIALES S A S,GASTRONOMIA,(4)3545565
Elaboracion de otros productos alimenticios n c p,ITAGUI,ANTIOQUIA,CARRERA 50 G 12 SUR 29,https://empresite.eleconomistaamerica.co/TECNAS-SA.html,TECNAS S A,GASTRONOMIA,3127962236
Comercio al por mayor de productos alimenticios,ITAGUI,ANTIOQUIA,CARRERA 42 54 A 155,https://empresite.eleconomistaamerica.co/JUAN-D-HOYOS-DISTRIBUCIONES-SA.html,JUAN D HOYOS DISTRIBUCIONES S A S,GASTRONOMIA,(4)4448018
,MEDELLIN,ANTIOQUIA,CALLE 49 41 09,https://empresite.eleconomistaamerica.co/CESDE-SA.html,CESDE S A,GASTRONOMIA,
Actividades de clubes deportivos,MEDELLIN,ANTIOQUIA,CALLE 16 A SUR 34 950,https://empresite.eleconomistaamerica.co/CORPORACION-CLUB-CAMPESTRE.html,CORPORACION CLUB CAMPESTRE,GASTRONOMIA,(4)3259000
,MEDELLIN,ANTIOQUIA,DIAGONAL 64 E 67 345,https://empresite.eleconomistaamerica.co/PORTAL-GASTRONOMIA-SAS.html,EL PORTAL DE LA GASTRONOMIA S A S,GASTRONOMIA,
,MEDELLIN,ANTIOQUIA,CALLE 8 42 25,https://empresite.eleconomistaamerica.co/ZUCO-HOTELERIA-GASTRONOMIA-SAS.html,ZUCO HOTELERIA Y GASTRONOMIA S A S,GASTRONOMIA,
Elaboracion de otros productos alimenticios n c p,MEDELLIN,ANTIOQUIA,CALLE 10 43 B 26,https://empresite.eleconomistaamerica.co/JB-GASTRONOMIA-EMPRESARIAL-SAS.html,JB GASTRONOMIA EMPRESARIAL SAS EN LIQUIDACION,GASTRONOMIA,(4)3532595
Expendio a la mesa de comidas preparadas,MEDELLIN,ANTIOQUIA,CARRERA 43 E CL 11 A 46,https://empresite.eleconomistaamerica.co/TASA-GASTRONOMIA-SAS.html,TASA GASTRONOMIA S A S,GASTRONOMIA,(4)5822690
Expendio a la mesa de comidas preparadas,SABANETA,ANTIOQUIA,CARRERA 44 70 SUR 28,https://empresite.eleconomistaamerica.co/RESTAURANTE-CARBON-ROJO-NEW-YORK-SAS.html,RESTAURANTE CARBON ROJO NEW YORK S A S,RESTAURANTE,(4)2888602
Otros tipos de expendio de comidas preparadas n c p,MACEO,ANTIOQUIA,LUGAR CORR PUERTO NUS,https://empresite.eleconomistaamerica.co/RESTAURANTE-PARADOR-SAN-JOSE-SAS.html,RESTAURANTE PARADOR SAN JOSE S A S,RESTAURANTE,3113416872
Expendio a la mesa de comidas preparadas,ENVIGADO,ANTIOQUIA,,https://empresite.eleconomistaamerica.co/RESTAURANTES-PRISA-SABOR-LTDA.html,RESTAURANTES PRISA Y SABOR LTDA,RESTAURANTE,
Expendio a la mesa de comidas preparadas,MEDELLIN,ANTIOQUIA,CALLE 47 D 70 47,https://empresite.eleconomistaamerica.co/RESTAURANTES-ARANGO-GUZMAN-COMPANIA-LTDA.html,RESTAURANTES ARANGO GUZMAN Y COMPANIA LTDA,RESTAURANTE,(4)2505923
,MEDELLIN,ANTIOQUIA,CARRERA 76 32 34,https://empresite.eleconomistaamerica.co/RESTAURANTE-MESON-SANTANDEREANO-LTDA.html,RESTAURANTE MESON SANTANDEREANO LTDA,RESTAURANTE,
Expendio a la mesa de comidas preparadas,MEDELLIN,ANTIOQUIA,CARRERA 43 A 7 SUR  LC 4291,https://empresite.eleconomistaamerica.co/RESTAURANTE-RICAREPA-VENEZOLANA-SAS.html,RESTAURANTE RICAREPA VENEZOLANA S A S,RESTAURANTE,(4)3219196
Expendio a la mesa de comidas preparadas,MEDELLIN,ANTIOQUIA,,https://empresite.eleconomistaamerica.co/RESTAURANTE-SABROSURAS-PAISAS-SAS.html,RESTAURANTE Y SABROSURAS PAISAS S A S,RESTAURANTE,3157685355
Expendio a la mesa de comidas preparadas,LA ESTRELLA,ANTIOQUIA,CARRERA 60 80 SUR 112,https://empresite.eleconomistaamerica.co/RESTAURANTE-MURALLA-CHINA-MEI-SAS.html,RESTAURANTE LA MURALLA CHINA MEI S A S,RESTAURANTE,3187949573
,ITAGUI,ANTIOQUIA,CARRERA 51 52 09 IN 200,https://empresite.eleconomistaamerica.co/RESTAURANTE-TIPICO-CACIQUE-EU.html,RESTAURANTE EL TIPICO CACIQUE E U,RESTAURANTE,
,BELLO,ANTIOQUIA,CARRERA 45 22 D 254,https://empresite.eleconomistaamerica.co/RESTAURANTE-RINCON-LLANERO-EU.html,RESTAURANTE EL RINCON LLANERO E U EN LIQUIDACION,RESTAURANTE,
,MEDELLIN,ANTIOQUIA,CARRERA 96 C 50 A 280 INTERI,https://empresite.eleconomistaamerica.co/RESTAURANTE-SERVICIOS-BUEN-HACER-SAS.html,RESTAURANTE SERVICIOS BUEN HACER S A S,RESTAURANTE,
,MEDELLIN,ANTIOQUIA,CARRERA 50 32 144,https://empresite.eleconomistaamerica.co/RESTAURANTE-JHON-JAIRO-PALACIO-RESTREPO-EU.html,RESTAURANTE JHON JAIRO PALACIO RESTREPO E U,RESTAURANTE,
,MEDELLIN,ANTIOQUIA,CARRERA 34 8 A 42,https://empresite.eleconomistaamerica.co/RESTAURANTE-OTORII-SUCHIBAR-COMPANIA-LTDA.html,RESTAURANTE OTORII SUCHIBAR Y COMPANIA LTDA,RESTAURANTE,
,MEDELLIN,ANTIOQUIA,,https://empresite.eleconomistaamerica.co/RESTAURANTES-EMPRESARIALES-LTDA.html,RESTAURANTES EMPRESARIALES LTDA,RESTAURANTE,
,MEDELLIN,ANTIOQUIA,CARRERA 74 48 53,https://empresite.eleconomistaamerica.co/RESTAURANTES-ESCOBAR-HOYOS-CIA-LTDA.html,RESTAURANTES ESCOBAR HOYOS Y CIA LTDA,RESTAURANTE,
,MEDELLIN,ANTIOQUIA,CARRERA 41 9 22,https://empresite.eleconomistaamerica.co/BABYLON-BAR-RESTAURANTE-MEDELLIN-SAS.html,BABYLON BAR RESTAURANTE MEDELLIN S A S,RESTAURANTE,
,MEDELLIN,ANTIOQUIA,CL 18 35 81 LAS PALMA,https://empresite.eleconomistaamerica.co/BAR-RESTAURANTE-BRASAS-PARRILLA-SAS.html,BAR Y RESTAURANTE BRASAS PARRILLA BAR S A EN LIQUIDACION,RESTAURANTE,
,MEDELLIN,ANTIOQUIA,CARRERA 76 32 EE 36,https://empresite.eleconomistaamerica.co/DONDE-DARIO-RESTAURANTE-BAR-SAS.html,DONDE DARIO RESTAURANTE BAR S A,RESTAURANTE,
,MEDELLIN,ANTIOQUIA,CALLE 65 B 86 29,https://empresite.eleconomistaamerica.co/COOPERATIVA-TRABAJO-ASOCIADO-SERVICIOS-RESTAURANTES-BARES-COOPESERVI.html,COOPERATIVA DE TRABAJO ASOCIADO DE SERVICIOS DE RESTAURANTES Y BARES COOPESERVI,RESTAURANTE,
,MEDELLIN,ANTIOQUIA,CALLE 47 80 12,https://empresite.eleconomistaamerica.co/ASOCIACION-RESTAURANTES-PANADERIAS-ANTIOQUIA-AGRUPAN.html,ASOCIACION DE RESTAURANTES Y PANADERIAS DE ANTIOQUIA AGRUPAN,RESTAURANTE,
,JARDIN,ANTIOQUIA,VIA RIOSUCIO KM 5,https://empresite.eleconomistaamerica.co/TRUCHERIA-RESTAURANTE-BAR-SAS.html,LA TRUCHERIA RESTAURANTE BAR S A S,RESTAURANTE,
,ITAGUI,ANTIOQUIA,CALLE 76 52 D 96,https://empresite.eleconomistaamerica.co/COOPERATIVA-TRABAJO-ASOCIADO-RESTAURANTES-COLOMBIA.html,COOPERATIVA DE TRABAJO ASOCIADO DE RESTAURANTES DE COLOMBIA,RESTAURANTE,
,MEDELLIN,ANTIOQUIA,CALLE 18 AA SUR 29 C 311,https://empresite.eleconomistaamerica.co/RECUERDOS-GRILL-RESTAURANTE-PARQUEADERO-SALAZARES-COMPANIA-SCA.html,LOS RECUERDOS GRILL RESTAURANTE PARQUEADERO SALAZARES Y COMPANIA S C A,RESTAURANTE,
,MEDELLIN,ANTIOQUIA,CARRERA 39 7 127,https://empresite.eleconomistaamerica.co/CONTRAPORTON-RESTAURANTE-BAR-SAS.html,CONTRAPORTON RESTAURANTE BAR S A S,RESTAURANTE,
,MEDELLIN,ANTIOQUIA,CALLE 10 43 E 60,https://empresite.eleconomistaamerica.co/GUADALUPANA-BAR-RESTAURANTE-LTDA.html,GUADALUPANA BAR RESTAURANTE LTDA,RESTAURANTE,
,MEDELLIN,ANTIOQUIA,CALLE 9 43 B 68,https://empresite.eleconomistaamerica.co/ARTE-VIVO-BAR-RESTAURANTE-EU.html,ARTEVIVO SAS,RESTAURANTE,
,MEDELLIN,ANTIOQUIA,CARRERA 75 40 9,https://empresite.eleconomistaamerica.co/TACUATE-RESTAURANTE-BAR-SAS.html,TACUATE RESTAURANTE BAR S A S,RESTAURANTE,
,MEDELLIN,ANTIOQUIA,CALLE 23 58 38,https://empresite.eleconomistaamerica.co/ESTADERO-RESTAURANTE-PATIO-TANGO-SAS.html,ESTADERO RESTAURANTE PATIO DEL TANGO S A S,RESTAURANTE,
,MEDELLIN,ANTIOQUIA,CALLE 12 43 B 13/17,https://empresite.eleconomistaamerica.co/CLANDESTINO-RESTAURANTES-SAS.html,CLANDESTINO RESTAURANTES S A S,RESTAURANTE,
,GOMEZ PLATA,ANTIOQUIA,CALLE 50 51 07,https://empresite.eleconomistaamerica.co/ASOCIACION-EMPRESARIAL-RESTAURANTE-GOMEZ-PLATA-SAS.html,ASOCIACION EMPRESARIAL DE RESTAURANTE GOMEZ PLATA S A S,RESTAURANTE,