,Actividad,Ciudad,Departamento,Direccion,Link,Nombre_Empresa,Tema_Busqueda,telefono
0,Comercio al por mayor de materiales de construccion articulos de ferreteria pinturas productos de vidrio equipo y materiales de fontaneria y calefaccion,ITAGUI,ANTIOQUIA,CARRERA 42 51 34,http://empresite.eleconomistaamerica.co/FERRAGRO-SAS.html,FERRAGRO S A S,ENERGIA-SOLAR-FOTOVOLTAICA,3117207435
1,Comercio al por mayor no especializado,MEDELLIN,ANTIOQUIA,CALLE 50 68 105,http://empresite.eleconomistaamerica.co/ENERGIA-SOLAR-COLOMBIA-SAS.html,ENERGIA SOLAR COLOMBIA S A S,ENERGIA-SOLAR-FOTOVOLTAICA,(4)4771309
2,Instalaciones de fontaneria calefaccion y aire acondicionado,MEDELLIN,ANTIOQUIA,CALLE 51 21 27,http://empresite.eleconomistaamerica.co/INDUSTRIA-COLOMBO-ESPANOLA-ENERGIA-SOLAR-SAS.html,INDUSTRIA COLOMBO ESPANOLA DE ENERGIA SOLAR S A S,ENERGIA-SOLAR-FOTOVOLTAICA,3155649552
3,Generacion de energia electrica,MEDELLIN,ANTIOQUIA,CALLE 10 SU  52 06,http://empresite.eleconomistaamerica.co/ESI-ENERGIA-SOLAR-SAS.html,ESI ENERGIA SOLAR S A S,ENERGIA-SOLAR-FOTOVOLTAICA,3206083907
4,Comercio al por mayor de materiales de construccion articulos de ferreteria pinturas productos de vidrio equipo y materiales de fontaneria y calefaccion,ITAGUI,ANTIOQUIA,CARRERA 42 51 34,http://empresite.eleconomistaamerica.co/FERRAGRO-SAS.html,FERRAGRO S A S,ENERGIA-SOLAR,3117207435
5,Comercio al por mayor no especializado,MEDELLIN,ANTIOQUIA,CALLE 50 68 105,http://empresite.eleconomistaamerica.co/ENERGIA-SOLAR-COLOMBIA-SAS.html,ENERGIA SOLAR COLOMBIA S A S,ENERGIA-SOLAR,(4)4771309
6,Actividades de arquitectura e ingenieria y otras actividades conexas de consultoria tecnica,MEDELLIN,ANTIOQUIA,CARRERA 10 19 SUR 117 INTE,http://empresite.eleconomistaamerica.co/SOLARC-SAS.html,SOLARC S A S,ENERGIA-SOLAR,(4)3170739
7,Instalaciones de fontaneria calefaccion y aire acondicionado,MEDELLIN,ANTIOQUIA,CALLE 51 21 27,http://empresite.eleconomistaamerica.co/INDUSTRIA-COLOMBO-ESPANOLA-ENERGIA-SOLAR-SAS.html,INDUSTRIA COLOMBO ESPANOLA DE ENERGIA SOLAR S A S,ENERGIA-SOLAR,3155649552
8,Generacion de energia electrica,MEDELLIN,ANTIOQUIA,CALLE 10 SU  52 06,http://empresite.eleconomistaamerica.co/ESI-ENERGIA-SOLAR-SAS.html,ESI ENERGIA SOLAR S A S,ENERGIA-SOLAR,3206083907
9,Fabricacion de otros tipos de equipo electrico n c p,BELLO,ANTIOQUIA,CALLE 35 56 26 APTO 1006,http://empresite.eleconomistaamerica.co/SOLAREC-SAS.html,LABORATORIO DE ENSAYOS TECNICOS S A S,ENERGIA-SOLAR,(4)4172821
10,Comercio al por menor de tapices alfombras y cubrimientos para paredes y pisos en establecimientos especializados,CALDAS,ANTIOQUIA,CALLE 128 SUR 54 69 AP 301,http://empresite.eleconomistaamerica.co/SOLAR-BLINDS-SAS.html,SOLAR BLINDS S A S,ENERGIA-SOLAR,(4)5883888
11,Fabricacion de articulos de plastico n c p,MEDELLIN,ANTIOQUIA,CALLE 51 65 208 APTO 422,http://empresite.eleconomistaamerica.co/SOLAR-CERCAS-SAS.html,SOLAR CERCAS S A S,ENERGIA-SOLAR,3185062044
12,Instalaciones electricas,MEDELLIN,ANTIOQUIA,CARRERA 43 A 1 50,http://empresite.eleconomistaamerica.co/SOLARGREEN-SAS.html,SOLARGREEN S A S,ENERGIA-SOLAR,(4)6052073
13,Fabricacion de jabones y detergentes preparados para limpiar y pulir perfumes y preparados de tocador,ITAGUI,ANTIOQUIA,CARRERA 45 A 67 B 109,http://empresite.eleconomistaamerica.co/SOLAR-FIRE-SAS.html,SOLAR FIRE S A S,ENERGIA-SOLAR,3023716599
14,Comercio al por mayor no especializado,ITAGUI,ANTIOQUIA,CARRERA 42 75 331,http://empresite.eleconomistaamerica.co/SOLARED-SAS.html,SOLARED S A S,ENERGIA-SOLAR,3108953429
15,Expendio a la mesa de comidas preparadas,ENVIGADO,ANTIOQUIA,VIA PALMAS EL RETIRO KM 16,http://empresite.eleconomistaamerica.co/SOLAR-PLAZA-SAS.html,EL SOLAR DE LA PLAZA S.A.S.,ENERGIA-SOLAR,3116345243
16,Comercio al por mayor de otros tipos de maquinaria y equipo n c p,MEDELLIN,ANTIOQUIA,TRANSVERSAL 4 A 75 D 98,http://empresite.eleconomistaamerica.co/SENSORES-EQUIPOS-SAS.html,SENSORES Y EQUIPOS S A S,ENERGIA-SOLAR,(4)2568301
17,Otras actividades de servicios personales n c p,MEDELLIN,ANTIOQUIA,CARRERA 24 34 22,http://empresite.eleconomistaamerica.co/SOLARIS-ANOS-LUZ-SAS.html,SOLARIS ANOS LUZ S A S,ENERGIA-SOLAR,(4)5778475
18,Comercio al por menor de electrodomesticos y gasodomesticos de uso domestico muebles y equipos de iluminacion,MEDELLIN,ANTIOQUIA,CARRERA 48 10 45 LC 246,http://empresite.eleconomistaamerica.co/SOLAR-MEDELLIN-LTDA.html,SOLAR MEDELLIN LTDA,ENERGIA-SOLAR,(4)3523152
19,Fabricacion de otros tipos de equipo electrico n c p,MEDELLIN,ANTIOQUIA,CALLE 10 32 115 LC 9919,http://empresite.eleconomistaamerica.co/SOLARPLUS-ENERGY-SAS.html,SOLARPLUS ENERGY S A S,ENERGIA-SOLAR,(4)4483363
20,Generacion de energia electrica,ENVIGADO,ANTIOQUIA,CALLE 23 SUR 45 55,http://empresite.eleconomistaamerica.co/SOLAR-ELECTRIC-SAS.html,SOLAR ELECTRIC S A S,ENERGIA-SOLAR,3002764977
21,Generacion de energia electrica,MEDELLIN,ANTIOQUIA,CALLE 10 30 30 OF 316,http://empresite.eleconomistaamerica.co/SOLAR-SOLUTIONS-SAS.html,SOLAR SOLUTIONS S A S,ENERGIA-SOLAR,(4)3523614
22,Comercio al por mayor no especializado,MEDELLIN,ANTIOQUIA,CALLE 45 53 50 OF 1117,http://empresite.eleconomistaamerica.co/SOLAR-EVOLUTION-SAS.html,SOLAR EVOLUTION S A S,ENERGIA-SOLAR,3206977173
23,Otros tipos de comercio al por menor no realizado en establecimientos puestos de venta o mercados,MEDELLIN,ANTIOQUIA,CARRERA 31 29 71 APT 510,http://empresite.eleconomistaamerica.co/ENERGIAS-VERDES-SAS.html,ENERGIAS VERDES S A S,ENERGIA-SOLAR,3163875793
24,Instalaciones electricas,YARUMAL,ANTIOQUIA,CARRERA 19 18 11,http://empresite.eleconomistaamerica.co/ENERGIANDES-SASESP.html,ENERGIANDES S A S E S P,ENERGIA-SOLAR,3104690317
25,Comercio al por mayor no especializado,MEDELLIN,ANTIOQUIA,CARRERA 87 A 34 64,http://empresite.eleconomistaamerica.co/ENERGIA-MANIOBRA-SAS.html,ENERGIA Y MANIOBRA S A S,ENERGIA-SOLAR,3148755039
26,Comercio al por mayor de otros tipos de maquinaria y equipo n c p,ITAGUI,ANTIOQUIA,CARRERA 45 A 66 A 100,http://empresite.eleconomistaamerica.co/ENERGIA-POTENCIA-SA.html,ENERGIA Y POTENCIA S A S,ENERGIA-SOLAR,3153027526
27,Generacion de energia electrica,MEDELLIN,ANTIOQUIA,CARRERA 35 7 99 PISO 2,http://empresite.eleconomistaamerica.co/ENERGIA-ANDES-SAS.html,ENERGIA DE LOS ANDES S A S,ENERGIA-SOLAR,(4)3124084
28,Generacion de energia electrica,MEDELLIN,ANTIOQUIA,CALLE 42 B 63 C 51,http://empresite.eleconomistaamerica.co/ENERGIA-LIMPIA-SAS.html,ENERGIA LIMPIA S A S,ENERGIA-SOLAR,(4)3512999
29,Actividades de contabilidad teneduria de libros auditoria financiera y asesoria tributaria,MEDELLIN,ANTIOQUIA,VIA CIRCULAR 6 66 B 177,http://empresite.eleconomistaamerica.co/ENERGIA-CREATIVA-SA.html,ENERGIA CREATIVA S A,ENERGIA-SOLAR,(4)3684010
30,Instalaciones electricas,BELLO,ANTIOQUIA,CARRERA 57 A 30 B 05,http://empresite.eleconomistaamerica.co/ENERGIA-ACTIVA-SAS.html,ENERGIA ACTIVA S A S,ENERGIA-SOLAR,(4)4667693
31,Instalaciones electricas,BELLO,ANTIOQUIA,CALLE 32 A 55 86,http://empresite.eleconomistaamerica.co/ENERGIA-GLOBAL-SAS.html,ENERGIA GLOBAL S A S,ENERGIA-SOLAR,(4)4665425
32,Comercio al por mayor de equipo partes y piezas electronicos y de telecomunicaciones,MEDELLIN,ANTIOQUIA,CARRERA 65 B 52 B SUR 54 INT,http://empresite.eleconomistaamerica.co/ENERGIA-SISTEMAS-SAS.html,ENERGIA Y SISTEMAS S A S,ENERGIA-SOLAR,(4)4480590
33,Otras actividades de servicio financiero excepto las de seguros y pensiones n c p,MEDELLIN,ANTIOQUIA,CALLE 29 41 105 OF 603,http://empresite.eleconomistaamerica.co/SOLAR-HOTELES-RESORTS-SAS.html,SOLAR HOTELES Y RESORTS S A S,ENERGIA-SOLAR,(4)4195900
34,Cultivo de flor de corte,LA ESTRELLA,ANTIOQUIA,CALLE 83 A SUR 63 07 CA 70,http://empresite.eleconomistaamerica.co/SOLAR-JM-AGROINDUSTRIA-SAS.html,EL SOLAR JM AGROINDUSTRIA S A S,ENERGIA-SOLAR,3137912163
35,Generacion de energia electrica,MEDELLIN,ANTIOQUIA,CALLE 11 A 31 A 89,http://empresite.eleconomistaamerica.co/SOLAR-POWER-SOLUTIONS-SASESP.html,SOLAR POWER SOLUTIONS S A S E S P,ENERGIA-SOLAR,(4)3666122
36,Instalaciones electricas,MEDELLIN,ANTIOQUIA,CALLE 39 92 A 25 OFICINA,http://empresite.eleconomistaamerica.co/ENERGIA-DATOS-INGENIERIA-SAS.html,ENERGIA Y DATOS INGENIERIA S A S,ENERGIA-SOLAR,(4)4989954
37,Actividades de arquitectura e ingenieria y otras actividades conexas de consultoria tecnica,MEDELLIN,ANTIOQUIA,CALLE 7 SUR 42 70 INT 2007,http://empresite.eleconomistaamerica.co/ENERGIA-NACIONAL-SASESP.html,ENERGIA NACIONAL S A S E S P,ENERGIA-SOLAR,(4)3131339
38,Actividades de administracion empresarial,MEDELLIN,ANTIOQUIA,CARRERA 30 10 C 228 OF 929,http://empresite.eleconomistaamerica.co/ENERGIAS-SUROESTE-SAS.html,ENERGIAS DE SUROESTE S A S,ENERGIA-SOLAR,(4)3114327
39,Generacion de energia electrica,MEDELLIN,ANTIOQUIA,CARRERA 35 7 99 PISO 2,http://empresite.eleconomistaamerica.co/ENERGIAS-RIO-AMBEIMA-SAS.html,ENERGIAS DEL RIO AMBEIMA S A S,ENERGIA-SOLAR,(4)3124084
40,Generacion de energia electrica,MEDELLIN,ANTIOQUIA,CARRERA 35 7 99 P 2,http://empresite.eleconomistaamerica.co/ENERGIAS-RIO-CHILI-SAS.html,ENERGIAS DEL RIO CHILI S A S,ENERGIA-SOLAR,(4)3124084
41,Actividades de consultaria de gestion,MEDELLIN,ANTIOQUIA,CALLE 7 81 B 13INT 2202,http://empresite.eleconomistaamerica.co/ENERGIA-PARA-TRIUNFAR-SAS.html,ENERGIA PARA TRIUNFAR S A S,ENERGIA-SOLAR,(4)4441134
42,Generacion de energia electrica,RIONEGRO,ANTIOQUIA,CALLE 45 CR 50 35 OF 117,http://empresite.eleconomistaamerica.co/ENERGIA-SERVICIOS-SA-ESP.html,ENERGIA Y SERVICIOS SA E S P,ENERGIA-SOLAR,(4)5661717
43,Comercio al por mayor no especializado,MEDELLIN,ANTIOQUIA,CALLE 9 B 70 B 62,http://empresite.eleconomistaamerica.co/ENERGIA-COMPLEMENTOS-SA.html,ENERGIA Y COMPLEMENTOS S A,ENERGIA-SOLAR,(4)3414177
44,Actividades inmobiliarias realizadas con bienes propios o arrendados,MEDELLIN,ANTIOQUIA,CALLE 7 SUR 51 A 21 INT 170,http://empresite.eleconomistaamerica.co/ENERGIA-PROPIEDADES-SAS.html,ENERGIA Y PROPIEDADES S A S,ENERGIA-SOLAR,(4)3116565
45,Instalaciones de fontaneria calefaccion y aire acondicionado,ENVIGADO,ANTIOQUIA,CARRERA 41 40 F SUR 22,http://empresite.eleconomistaamerica.co/ENERGIA-BIOCLIMATICA-SAS.html,ENERGIA Y BIOCLIMATICA S A S,ENERGIA-SOLAR,3216395195
46,Comercio al por mayor no especializado,ITAGUI,ANTIOQUIA,CARRERA 65 35 26,http://empresite.eleconomistaamerica.co/ENERGIA-SAS-ANTIOQUIA.html,ENERGIA S A S,ENERGIA-SOLAR,(4)4805470
47,Otras actividades especializadas para la construccion de edificios y obras de ingenieria civil,MEDELLIN,ANTIOQUIA,CALLE 11 SUR 44 51,http://empresite.eleconomistaamerica.co/ENERGIA-ECOLOGICA-SAS.html,ENERGIA ECOLOGICA S A S,ENERGIA-SOLAR,(4)5812277
48,Actividades de administracion empresarial,MEDELLIN,ANTIOQUIA,CARRERA 30 10 C 228 INT 92,http://empresite.eleconomistaamerica.co/ENERGIAS-PACIFICO-SAS.html,ENERGIAS DEL PACIFICO S A S,ENERGIA-SOLAR,(4)3114327
49,Construccion de edificios residenciales,LA CEJA,ANTIOQUIA,CALLE 5 21 B 21,http://empresite.eleconomistaamerica.co/ENERGIA-RENOVABLE-RR-SAS.html,ENERGIA RENOVABLE RR S A S,ENERGIA-SOLAR,3212303033
50,Instalaciones electricas,BELLO,ANTIOQUIA,CARRERA 67 B 56 B 87,http://empresite.eleconomistaamerica.co/ENERGIA-ESTRUCTURADA-SAS.html,ENERGIA ESTRUCTURADA S A S,ENERGIA-SOLAR,(4)5973981
51,Otras actividades de servicios personales n c p,MEDELLIN,ANTIOQUIA,CALLE 9 41 36,http://empresite.eleconomistaamerica.co/ENERGIA-TERRENAL-SPA-SAS.html,ENERGIA TERRENAL SPA S A S,ENERGIA-SOLAR,(4)4484505
52,Otras actividades recreativas y de esparcimiento n c p,MEDELLIN,ANTIOQUIA,CARRERA 45 38 A SUR 29,http://empresite.eleconomistaamerica.co/ENERGIA-RECREATIVA-EU.html,ENERGIA RECREATIVA E U,ENERGIA-SOLAR,(4)3319912
53,Instalaciones electricas,MEDELLIN,ANTIOQUIA,CALLE 34 81 A 112,http://empresite.eleconomistaamerica.co/ENERGIA-MOVIL-COLOMBIA-SAS.html,ENERGIA MOVIL DE COLOMBIA S A S,ENERGIA-SOLAR,(4)4441605
54,Comercio al por menor de electrodomesticos y gasodomesticos de uso domestico muebles y equipos de iluminacion,ENVIGADO,ANTIOQUIA,CARRERA 48 26 SUR 181,http://empresite.eleconomistaamerica.co/ENERGIA-EVOLUCION-SAS.html,ENERGIA EN EVOLUCION S A S,ENERGIA-SOLAR,3507874637
55,Actividades de administracion empresarial,MEDELLIN,ANTIOQUIA,CARRERA 30 10 C 228 OF 929,http://empresite.eleconomistaamerica.co/ENERGIAS-OCCIDENTE-SAS.html,ENERGIAS DE OCCIDENTE S A S,ENERGIA-SOLAR,(4)3114327
56,Comercio al por menor de tapices alfombras y cubrimientos para paredes y pisos en establecimientos especializados,MEDELLIN,ANTIOQUIA,CALLE 10 30 30 LOCAL 315,http://empresite.eleconomistaamerica.co/DISTRIBUIDOR-CORTINERO-CIA-LTDA.html,DISTRIBUIDOR EL CORTINERO S A S,ENERGIA-SOLAR,(4)2660187
57,Fabricacion de sustancias y productos quimicos basicos,MEDELLIN,ANTIOQUIA,CARRERA 43 A 3 SUR 130 PISO,http://empresite.eleconomistaamerica.co/GASES-INDUSTRIALES-COLOMBIA-SA.html,GASES INDUSTRIALES DE COLOMBIA S A,ENERGIA-SOLAR,(4)5400280
58,Comercio al por mayor de otros tipos de maquinaria y equipo n c p,SABANETA,ANTIOQUIA,CALLE 69 SUR 46 145,http://empresite.eleconomistaamerica.co/APS-LIGHTING-SAFETY-PRODUCTS-COLOMBIA-SAS.html,APS LIGHTING Y SAFETY PRODUCTS DE COLOMBIA S A S,ENERGIA-SOLAR,(4)4447275
59,Actividades inmobiliarias realizadas a cambio de una retribucion o por contrata,MEDELLIN,ANTIOQUIA,CARRERA 83 C 17 79,http://empresite.eleconomistaamerica.co/SOLAR-SOLUCIONES-ARQUITECTONICAS-SAS.html,SOLAR SOLUCIONES ARQUITECTONICAS S A S,ENERGIA-SOLAR,(4)4449420
60,Generacion de energia electrica,COPACABANA,ANTIOQUIA,AUTOPISTA NORTE KM 16,http://empresite.eleconomistaamerica.co/SOLAR-NATURAL-SYSTEMS-COLOMBIA-SAS.html,SOLAR NATURAL SYSTEMS COLOMBIA S A S,ENERGIA-SOLAR,3128098603
61,Instalaciones electricas,MEDELLIN,ANTIOQUIA,CARRERA 80 47 46,http://empresite.eleconomistaamerica.co/ENERGIA-COMUNICACIONES-ENERCOM-SAS.html,ENERGIA Y COMUNICACIONES ENERCOM S A S,ENERGIA-SOLAR,(4)5822650
62,Generacion de energia electrica,MEDELLIN,ANTIOQUIA,CALLE 23 C 42 A 75,http://empresite.eleconomistaamerica.co/ENERGIAS-RENOVABLES-ALTERNATIVAS-SAS.html,ENERGIAS RENOVABLES ALTERNATIVAS S A S,ENERGIA-SOLAR,(4)2323982
63,Extraccion de hulla (carbon de piedra),MEDELLIN,ANTIOQUIA,CALLE 29 41 105 OF 1206,http://empresite.eleconomistaamerica.co/ENERGIAS-RECURSOS-SUSTENTABLES-SAS.html,ENERGIAS Y RECURSOS SUSTENTABLES S A S,ENERGIA-SOLAR,(4)4031777
64,Otras actividades especializadas para la construccion de edificios y obras de ingenieria civil,MEDELLIN,ANTIOQUIA,CARRERA 81 B 54 84,http://empresite.eleconomistaamerica.co/ENERGIA-SUMINISTROS-COLOMBIA-ENSUCOL-SAS.html,ENERGIA Y SUMINISTROS DE COLOMBIA ENSUCOL S A S,ENERGIA-SOLAR,(4)4480154
65,Transmision de energia electrica,MEDELLIN,ANTIOQUIA,CARRERA 48 B 10 SUR 164,http://empresite.eleconomistaamerica.co/ENERGIA-ELECTRICA-COSTA-ATLANTICA-SASESP.html,ENERGIA ELECTRICA DE LA COSTA ATLANTICA S A S E S P,ENERGIA-SOLAR,(4)4487477
66,Otras actividades de telecomunicaciones,MEDELLIN,ANTIOQUIA,CALLE 48 B 66 65,http://empresite.eleconomistaamerica.co/ENERGIA-PARA-TELECOMUNICACIONES-SAS.html,ENERGIA PARA TELECOMUNICACIONES S A S,ENERGIA-SOLAR,(4)2307276
67,Instalaciones electricas,BELLO,ANTIOQUIA,DIAGONAL 59 31 98,http://empresite.eleconomistaamerica.co/ENERGIA-ELECTRICA-TELECOMUNICACIONES-ENERGELT-SAS.html,ENERGIA ELECTRICA Y TELECOMUNICACIONES ENERGELT SAS,ENERGIA-SOLAR,3207154526
68,Mantenimiento y reparacion especializado de maquinaria y equipo,MEDELLIN,ANTIOQUIA,DIAGONAL 50 49 85 OFICINA 4,http://empresite.eleconomistaamerica.co/ENERGIA-TELECOMUNICACIONES-INGENIERIA-LTDA.html,ENERGIA Y TELECOMUNICACIONES INGENIERIA LTDA,ENERGIA-SOLAR,3137443953
69,Mantenimiento y reparacion especializado de maquinaria y equipo,MEDELLIN,ANTIOQUIA,CALLE 20 A 73 16,http://empresite.eleconomistaamerica.co/ENERGIA-COMPUTADORES-MANTENIMIENTO-LTDA.html,ENERGIA COMPUTADORES Y MANTENIMIENTO S A S,ENERGIA-SOLAR,(4)2563897
70,Instalaciones electricas,MEDELLIN,ANTIOQUIA,CARRERA 85 35 41 INT 1013,http://empresite.eleconomistaamerica.co/ENERGIA-DESARROLLO-PROYECTOS-SAS.html,ENERGIA Y DESARROLLO DE PROYECTOS S A S,ENERGIA-SOLAR,(4)5537802
71,Generacion de energia electrica,CARMEN DE VIBORAL,ANTIOQUIA,VEREDA LA ESPERANZA,http://empresite.eleconomistaamerica.co/ENERGIA-LIMPIA-SOSTENIBLE-SAESP.html,ENERGIA LIMPIA Y SOSTENIBLE S A E S P,ENERGIA-SOLAR,(4)6146824
72,Generacion de energia electrica,MEDELLIN,ANTIOQUIA,CARRERA 49 50 58 OF 409,http://empresite.eleconomistaamerica.co/ENERGIAS-PROTECTORAS-AMBIENTE-SA.html,ENERGIAS PROTECTORAS DEL AMBIENTE S A,ENERGIA-SOLAR,(4)5112050
73,Generacion de energia electrica,MEDELLIN,ANTIOQUIA,CARRERA 43 A 1 85 OF 411,http://empresite.eleconomistaamerica.co/ENERGIA-RENOVABLES-COLOMBIA-ERECOL-SAS.html,ENERGIA RENOVABLES COLOMBIA ERECOL S A S,ENERGIA-SOLAR,3113118467
74,Fabricacion de pilas baterias y acumuladores electricos,MEDELLIN,ANTIOQUIA,CARRERA 67 1 SUR 92,http://empresite.eleconomistaamerica.co/TRONEX-SA.html,TRONEX S A S,ENERGIA-SOLAR,(4)4488090
75,Comercio al por menor de otros articulos domesticos en establecimientos especializados,MEDELLIN,ANTIOQUIA,TRANSVERSAL 38 73 51,http://empresite.eleconomistaamerica.co/CAJA-COLORES-SAS.html,CAJA DE COLORES S A S,ENERGIA-SOLAR,(4)4114723
76,Comercio al por mayor de otros tipos de maquinaria y equipo n c p,ENVIGADO,ANTIOQUIA,CALLE 27 SUR 27 D 79 AP 505,http://empresite.eleconomistaamerica.co/GLOBAL-SOLAR-SOLUTION-SAS.html,GLOBAL SOLAR SOLUTION S A S,ENERGIA-SOLAR,3178544054
77,Construccion de otras obras de ingenieria civil,MEDELLIN,ANTIOQUIA,CALLE 99 75 A 07,http://empresite.eleconomistaamerica.co/CONSTRUCCIONES-ANDRES-SOLARTE-SAS.html,CONSTRUCCIONES ANDRES SOLARTE S A S,ENERGIA-SOLAR,3004885136
78,Mantenimiento y reparacion especializado de equipo electrico,MEDELLIN,ANTIOQUIA,CALLE 33 C 88 A 115 INTERI,http://empresite.eleconomistaamerica.co/INNOVACION-SOLAR-INNOSOLAR-SAS.html,INNOVACION SOLAR INNOSOLAR S A S,ENERGIA-SOLAR,(4)5775139
79,Otras actividades profesionales cientificas y tecnicas n c p,SALGAR,ANTIOQUIA,CARRERA 29 28 02 EL COLISE,http://empresite.eleconomistaamerica.co/AGROGENESIS-SOLAR-SAS.html,AGROGENESIS SOLAR S A S,ENERGIA-SOLAR,3216771487
80,Comercio de partes piezas (autopartes) y accesorios (lujos) para vehiculos automotores,MEDELLIN,ANTIOQUIA,CARRERA 76 A 53 215 BLOQ 3 A,http://empresite.eleconomistaamerica.co/SEGURIDAD-CONTROL-SOLAR-SAS.html,SEGURIDAD Y CONTROL SOLAR S A S,ENERGIA-SOLAR,3147356495
81,Instalaciones electricas,MEDELLIN,ANTIOQUIA,CALLE 51 B 81 A 29,http://empresite.eleconomistaamerica.co/QUANTUM-SOLARIS-SAS.html,QUANTUM SOLARIS S A S,ENERGIA-SOLAR,(4)5820711
82,Actividades de apoyo terapeutico,MEDELLIN,ANTIOQUIA,CARRERA 35 A 15 B 35 OF 802,http://empresite.eleconomistaamerica.co/TECNICA-SOLARTE-SAS.html,TECNICA SOLARTE S A S,ENERGIA-SOLAR,(4)3318058
83,Comercio al por mayor de aparatos y equipo de uso domestico,MEDELLIN,ANTIOQUIA,CARRERA 33 7 99,http://empresite.eleconomistaamerica.co/OR-SOLAR-ENERGIES-SAS.html,OR SOLAR ENERGIES S A S,ENERGIA-SOLAR,(4)3118209
84,Actividades de produccion de peliculas cinematograficas videos programas anuncios y comerciales de television,MEDELLIN,ANTIOQUIA,CARRERA 42 50 A 42 APTO 50,http://empresite.eleconomistaamerica.co/PRODUCTORA-SOLAR-SAS.html,PRODUCTORA SOLAR S A S,ENERGIA-SOLAR,3164457543
85,Terminacion y acabado de edificios y obras de ingenieria civil,MEDELLIN,ANTIOQUIA,CALLE 45 84 47,http://empresite.eleconomistaamerica.co/MCG-SEGURIDAD-PROTECCION-SOLAR-LTDA.html,MCG SEGURIDAD Y PROTECCION SOLAR S A S,ENERGIA-SOLAR,(4)4447903
86,Comercio de partes piezas (autopartes) y accesorios (lujos) para vehiculos automotores,MEDELLIN,ANTIOQUIA,CARRERA 34 7 73,http://empresite.eleconomistaamerica.co/PROTECCION-SOLAR-AMERICANA-SAS.html,PROTECCION SOLAR AMERICANA S A S,ENERGIA-SOLAR,(4)3663734
87,Fabricacion de vidrio y productos de vidrio,MEDELLIN,ANTIOQUIA,CARRERA 43 A 11 85 OF 208,http://empresite.eleconomistaamerica.co/CPS-CRISTAL-PELICULAS-CONTROL-SOLAR-SA.html,C P S CRISTAL Y PELICULAS DE CONTROL SOLAR S A,ENERGIA-SOLAR,(4)3114264
88,Otras actividades profesionales cientificas y tecnicas n c p,MEDELLIN,ANTIOQUIA,CARRERA 46 93 140,http://empresite.eleconomistaamerica.co/CORPORACION-SOLAR-ARANJUEZ.html,CORPORACION EL SOLAR DE ARANJUEZ,ENERGIA-SOLAR,(4)5808514
89,Otras actividades especializadas para la construccion de edificios y obras de ingenieria civil,MEDELLIN,ANTIOQUIA,CALLE 7 SUR 42 70 OF 2501,http://empresite.eleconomistaamerica.co/INVERSIONES-PROYECTOS-SOLARIS-SA.html,INVERSIONES Y PROYECTOS SOLARIS S A,ENERGIA-SOLAR,(4)3107070
90,Fabricacion de otros tipos de maquinaria y equipo de uso general n c p,MEDELLIN,ANTIOQUIA,CALLE 12 S 25 127 INT 404,http://empresite.eleconomistaamerica.co/HSS-SOLAR-SA.html,H S S SOLAR S A S,ENERGIA-SOLAR,(4)3173420
91,Comercio al por mayor de materiales de construccion articulos de ferreteria pinturas productos de vidrio equipo y materiales de fontaneria y calefaccion,MEDELLIN,ANTIOQUIA,CARRERA 77 D 53 81,http://empresite.eleconomistaamerica.co/IMPACTO-SOLAR-SAS.html,IMPACTO SOLAR S A S,ENERGIA-SOLAR,(4)4444960
92,Comercio al por mayor de otros tipos de maquinaria y equipo n c p,MEDELLIN,ANTIOQUIA,CARRERA 36 10 B 71,http://empresite.eleconomistaamerica.co/ORQUIDEA-SOLAR-SAS.html,ORQUIDEA SOLAR S A S,ENERGIA-SOLAR,(4)3115158
93,Actividades de arquitectura e ingenieria y otras actividades conexas de consultoria tecnica,MEDELLIN,ANTIOQUIA,CARRERA 51 53 24 OF 302,http://empresite.eleconomistaamerica.co/CUBIERTAS-SOLUCIONES-SOLARES-SAS.html,CUBIERTAS Y SOLUCIONES SOLARES S A S,ENERGIA-SOLAR,3194444457
94,Instalaciones electricas,MEDELLIN,ANTIOQUIA,CARRERA 85 35 41 INT 1013,http://empresite.eleconomistaamerica.co/ENERGIA-DESARROLLO-PROYECTOS-SAS.html,ENERGIA Y DESARROLLO DE PROYECTOS S A S,MANTENIMIENTO-DE-PROYECTOS-DE-ENERGIA-SOLAR,(4)5537802
95,Comercio al por mayor de materiales de construccion articulos de ferreteria pinturas productos de vidrio equipo y materiales de fontaneria y calefaccion,ITAGUI,ANTIOQUIA,CARRERA 42 51 34,http://empresite.eleconomistaamerica.co/FERRAGRO-SAS.html,FERRAGRO S A S,MANTENIMIENTO-ENERGIA-SOLAR,3117207435
96,Comercio al por mayor no especializado,MEDELLIN,ANTIOQUIA,CALLE 50 68 105,http://empresite.eleconomistaamerica.co/ENERGIA-SOLAR-COLOMBIA-SAS.html,ENERGIA SOLAR COLOMBIA S A S,MANTENIMIENTO-ENERGIA-SOLAR,(4)4771309
97,Mantenimiento y reparacion especializado de maquinaria y equipo,MEDELLIN,ANTIOQUIA,CALLE 20 A 73 16,http://empresite.eleconomistaamerica.co/ENERGIA-COMPUTADORES-MANTENIMIENTO-LTDA.html,ENERGIA COMPUTADORES Y MANTENIMIENTO S A S,MANTENIMIENTO-ENERGIA-SOLAR,(4)2563897
98,Generacion de energia electrica,MEDELLIN,ANTIOQUIA,CALLE 49 50 21 OF 2706,http://empresite.eleconomistaamerica.co/MANTENIMIENTO-MONTAJE-PLANTAS-GENERADORAS-ENERGIA-SUR-MYM-GENSUR-SAS.html,MANTENIMIENTO Y MONTAJE DE PLANTAS GENERADORAS DE ENERGIA DEL SUR M Y M GENSUR S A S,MANTENIMIENTO-ENERGIA-SOLAR,3206108111
99,Instalaciones de fontaneria calefaccion y aire acondicionado,MEDELLIN,ANTIOQUIA,CALLE 51 21 27,http://empresite.eleconomistaamerica.co/INDUSTRIA-COLOMBO-ESPANOLA-ENERGIA-SOLAR-SAS.html,INDUSTRIA COLOMBO ESPANOLA DE ENERGIA SOLAR S A S,MANTENIMIENTO-ENERGIA-SOLAR,3155649552
100,Generacion de energia electrica,MEDELLIN,ANTIOQUIA,CALLE 10 SU  52 06,http://empresite.eleconomistaamerica.co/ESI-ENERGIA-SOLAR-SAS.html,ESI ENERGIA SOLAR S A S,MANTENIMIENTO-ENERGIA-SOLAR,3206083907
101,Comercio al por mayor de materiales de construccion articulos de ferreteria pinturas productos de vidrio equipo y materiales de fontaneria y calefaccion,ITAGUI,ANTIOQUIA,CARRERA 42 51 34,http://empresite.eleconomistaamerica.co/FERRAGRO-SAS.html,FERRAGRO S A S,PANELES-SOLARES,3117207435
102,Comercio al por mayor de materiales de construccion articulos de ferreteria pinturas productos de vidrio equipo y materiales de fontaneria y calefaccion,RIONEGRO,ANTIOQUIA,LUGAR LA REGIONAL AER BG 6,http://empresite.eleconomistaamerica.co/ARQCLASS-SAS.html,ARQCLASS S A S,PANELES-SOLARES,(4)4483002
103,Otras industrias manufactureras n c p,MEDELLIN,ANTIOQUIA,CARRERA 65 C 16 A 44,http://empresite.eleconomistaamerica.co/AMC-POLIURETANOS-SA.html,AMC POLIURETANOS S A S,PANELES-SOLARES,(4)4440880
104,Fabricacion de articulos de plastico n c p,CALDAS,ANTIOQUIA,CARRERA 49 125 SUR 153,http://empresite.eleconomistaamerica.co/MATERIALES-BIOCOMPUESTOS-PANELES-SAS.html,MATERIALES BIOCOMPUESTOS Y PANELES S A S,PANELES-SOLARES,3128390176
105,Actividades de arquitectura e ingenieria y otras actividades conexas de consultoria tecnica,MEDELLIN,ANTIOQUIA,CARRERA 51 53 24 OF 302,http://empresite.eleconomistaamerica.co/CUBIERTAS-SOLUCIONES-SOLARES-SAS.html,CUBIERTAS Y SOLUCIONES SOLARES S A S,PANELES-SOLARES,3194444457
106,Fabricacion de generadores de vapor excepto calderas de agua caliente para calefaccion central,MEDELLIN,ANTIOQUIA,CALLE 48 37 14,http://empresite.eleconomistaamerica.co/EASTMAN-SOLUCIONES-TERMICAS-SOLARES-SAS.html,EASTMAN SOLUCIONES TERMICAS SOLARES S A S,PANELES-SOLARES,(4)3662307
107,Actividades inmobiliarias realizadas con bienes propios o arrendados,ITAGUI,ANTIOQUIA,CALLE 83 A 46 80 BL 25,http://empresite.eleconomistaamerica.co/GENERACION-DWSA.html,GENERACION D W S A,GENERACION-FOTOVOLTAICA,(4)3117621
108,Confeccion de prendas de vestir excepto prendas de piel,MEDELLIN,ANTIOQUIA,CALLE 10 52 A 18 LOC 117,http://empresite.eleconomistaamerica.co/GENERACION-21-LTDA.html,GENERACION 21 S A S,GENERACION-FOTOVOLTAICA,(4)3616239
109,Alojamiento en hoteles,GIRARDOTA,ANTIOQUIA,VEREDA LA MATICA PARTE BAJA DE GIRARDOTA KM 25,http://empresite.eleconomistaamerica.co/GENERACION-CALO-SAS.html,GENERACION CALO S A S,GENERACION-FOTOVOLTAICA,(4)3727080
110,Actividades de arquitectura e ingenieria y otras actividades conexas de consultoria tecnica,MEDELLIN,ANTIOQUIA,CALLE 18 35 69,http://empresite.eleconomistaamerica.co/GENERACION-VIDA-SAS.html,GENERACION Y VIDA S A S,GENERACION-FOTOVOLTAICA,(4)3126580
111,Otras actividades de distribucion de fondos,MEDELLIN,ANTIOQUIA,CARRERA 68 A 42 40 PISO 2,http://empresite.eleconomistaamerica.co/GENERACION-RUTA-SAS.html,GENERACION RUTA S A S,GENERACION-FOTOVOLTAICA,(4)2302625
112,Actividades inmobiliarias realizadas con bienes propios o arrendados,MEDELLIN,ANTIOQUIA,CALLE 15 35 1 ED C 34,http://empresite.eleconomistaamerica.co/GENERACIONES-JCM-SAS.html,GENERACIONES JCM S A S,GENERACION-FOTOVOLTAICA,(4)3666025
113,Generacion de energia electrica,MEDELLIN,ANTIOQUIA,CALLE 21 SUR 41 A 71,http://empresite.eleconomistaamerica.co/GENERACION-ENERGIA-LTDA.html,GENERACION Y ENERGIA LTDA,GENERACION-FOTOVOLTAICA,(4)3130033
114,Generacion de energia electrica,ENVIGADO,ANTIOQUIA,CARRERA 48 25 B SUR 12,http://empresite.eleconomistaamerica.co/GENERACION-ENERGIA-SA.html,GENERACION DE ENERGIA S A S E S P,GENERACION-FOTOVOLTAICA,3002788274
115,Mantenimiento y reparacion especializado de equipo electrico,MEDELLIN,ANTIOQUIA,CALLE 34 81 A 112,http://empresite.eleconomistaamerica.co/GENERACION-CONTROL-SAS.html,GENERACION Y CONTROL S A S,GENERACION-FOTOVOLTAICA,(4)4449824
116,Comercio al por menor de articulos y utensilios de uso domestico,MEDELLIN,ANTIOQUIA,CALLE 29 C 55 09 INT 201,http://empresite.eleconomistaamerica.co/GENERACIONES-SALUDABLES-SAS.html,GENERACIONES SALUDABLES S A S,GENERACION-FOTOVOLTAICA,3007568976
117,Comercio al por mayor de otros productos n c p,MEDELLIN,ANTIOQUIA,CARRERA 48 10 45 INTERIOR,http://empresite.eleconomistaamerica.co/GENERACION-PC-GVG-SAS.html,GENERACION PC GVG S A S,GENERACION-FOTOVOLTAICA,(4)2682749
118,Mantenimiento y reparacion de vehiculos automotores,MEDELLIN,ANTIOQUIA,CALLE 13 SU 51 C 55,http://empresite.eleconomistaamerica.co/GENERACION-DIESEL-SAS.html,GENERACION DIESEL S A S,GENERACION-FOTOVOLTAICA,(4)2550099
119,Actividades inmobiliarias realizadas con bienes propios o arrendados,COPACABANA,ANTIOQUIA,CALLE 49 51 34,http://empresite.eleconomistaamerica.co/GENERACION-INMOBILIARIA-SAS.html,GENERACION INMOBILIARIA S A S,GENERACION-FOTOVOLTAICA,(4)6022366
120,Actividades de consultaria de gestion,MEDELLIN,ANTIOQUIA,CALLE 76 80 205 APTO 102,http://empresite.eleconomistaamerica.co/GENERACION-PACIFICO-SAS.html,GENERACION PACIFICO S A S,GENERACION-FOTOVOLTAICA,(4)4227271
121,Comercio al por menor de articulos de ferreteria pinturas y productos de vidrio en establecimientos especializados,MEDELLIN,ANTIOQUIA,CALLE 51 55 33,http://empresite.eleconomistaamerica.co/GENERACIONES-ELECTRICAS-SAS.html,GENERACIONES ELECTRICAS SAS,GENERACION-FOTOVOLTAICA,(4)4489151
122,Otros tipos de comercio al por menor no realizado en establecimientos puestos de venta o mercados,MARINILLA,ANTIOQUIA,CALLE 30 48 40 EL PINAR,http://empresite.eleconomistaamerica.co/GENERACION-SALUDABLE-SAS.html,GENERACION SALUDABLE S A S,GENERACION-FOTOVOLTAICA,3117869083
123,Establecimientos que combinan diferentes niveles de educacion,APARTADO,ANTIOQUIA,CARRERA 106C 111 11,http://empresite.eleconomistaamerica.co/GENERACION-INCLUSIVA-SAS.html,GENERACION INCLUSIVA S A S,GENERACION-FOTOVOLTAICA,3122309484
124,Fabricacion de articulos de plastico n c p,MEDELLIN,ANTIOQUIA,CALLE 65 74 C 24,http://empresite.eleconomistaamerica.co/GENERACIONES-PLASTICAS-GPLAST-LTDA.html,GENERACIONES PLASTICAS GPLAST S A S,GENERACION-FOTOVOLTAICA,(4)2352158
125,Generacion de energia electrica,MEDELLIN,ANTIOQUIA,CALLE 4 SUR  43A 109,http://empresite.eleconomistaamerica.co/GENERACION-INTERCONEXION-ELECTRICA-PACIFICO-SAS.html,GENERACION E INTERCONEXION ELECTRICA DEL PACIFICO S A S,GENERACION-FOTOVOLTAICA,3217857028
126,Instalaciones electricas,MEDELLIN,ANTIOQUIA,DIAGONAL 85 79 75,http://empresite.eleconomistaamerica.co/3C-GENERACION-SAS.html,3C GENERACION S A S,GENERACION-FOTOVOLTAICA,(4)5780198
127,Actividades de arquitectura e ingenieria y otras actividades conexas de consultoria tecnica,MEDELLIN,ANTIOQUIA,FINCA 31 SAN BERNARDO VEREDA BATEA SE,http://empresite.eleconomistaamerica.co/EMPRESA-GLOBAL-GENERACION-ENERGIAS-RENOVABLES-SAS.html,EMPRESA GLOBAL DE GENERACION DE ENERGIAS RENOVABLES S A S,GENERACION-FOTOVOLTAICA,3147741226
128,Terminacion y acabado de edificios y obras de ingenieria civil,MEDELLIN,ANTIOQUIA,CALLE 95 36 26,http://empresite.eleconomistaamerica.co/FUNDACION-SOCIAL-NUEVA-GENERACION-AGAPE.html,FUNDACION SOCIAL NUEVA GENERACION AGAPE,GENERACION-FOTOVOLTAICA,3188553875
129,Explotacion mixta (agricola y pecuaria),MEDELLIN,ANTIOQUIA,CARRERA 65 78 190,http://empresite.eleconomistaamerica.co/AGROPECUARIA-TERCERA-GENERACION-SAS.html,AGROPECUARIA TERCERA GENERACION S A S,GENERACION-FOTOVOLTAICA,(4)4415828
130,Comercio al por menor de otros productos nuevos en establecimientos especializados,MEDELLIN,ANTIOQUIA,CARRERA 52 45 92 OF 306,http://empresite.eleconomistaamerica.co/CI-INVERSIONES-GUAYAQUIL-NUEVA-GENERACION-COMPANIA-SCA.html,C I INVERSIONES GUAYAQUIL NUEVA GENERACION Y COMPANIA S C A,GENERACION-FOTOVOLTAICA,(4)5118117
131,Actividades de atencion residencial para el cuidado de pacientes con retardo mental enfermedad mental y consumo de sustancias psicoactivas,MEDELLIN,ANTIOQUIA,CARRERA 50 A 60 33,http://empresite.eleconomistaamerica.co/CORPORACION-CENTRO-RESTAURACION-GENERACION-ROAH.html,CORPORACION CENTRO DE RESTAURACION GENERACION ROAH,GENERACION-FOTOVOLTAICA,(4)2542063
132,Generacion de energia electrica,MEDELLIN,ANTIOQUIA,CALLE 53 45 112,http://empresite.eleconomistaamerica.co/EMPRESA-GENERACION-PROMOCION-ENERGIA-ANTIOQUIA-SAESP.html,EMPRESA DE GENERACION Y PROMOCION DE ENERGIA DE ANTIOQUIA S A E S P,GENERACION-FOTOVOLTAICA,(4)3229910
133,Organizacion de convenciones y eventos comerciales,MEDELLIN,ANTIOQUIA,CARRERA 43 A 5 A 113 812 813,http://empresite.eleconomistaamerica.co/QUINTA-GENERACION-SAS.html,QUINTA GENERACION S A S,GENERACION-FOTOVOLTAICA,(4)2680232
134,Otras actividades recreativas y de esparcimiento n c p,MEDELLIN,ANTIOQUIA,CARRERA 26 49 A 61,http://empresite.eleconomistaamerica.co/CORPORACION-JUVENIL-GENERACION-LIMITES.html,CORPORACION JUVENIL GENERACION SIN LIMITES,GENERACION-FOTOVOLTAICA,(4)2690418
135,Actividades de otras asociaciones n c p,MEDELLIN,ANTIOQUIA,CALLE 50 48 3 OF 202,http://empresite.eleconomistaamerica.co/CORPORACION-GENERACION-ACTIVA.html,CORPORACION GENERACION ACTIVA EN LIQUIDACION,GENERACION-FOTOVOLTAICA,(4)5122913
136,Otras actividades de asistencia social sin alojamiento,MEDELLIN,ANTIOQUIA,CALLE 30 82 C 027 AP 301,http://empresite.eleconomistaamerica.co/SERVICIOS-INTEGRALES-GERONTOLOGICOS-GENERACIONES-MOVIMIENTO-LTDA.html,SERVICIOS INTEGRALES GERONTOLOGICOS GENERACIONES EN MOVIMIENTO LTDA,GENERACION-FOTOVOLTAICA,(4)3411070
137,Comercio al por menor de combustible para automotores,MEDELLIN,ANTIOQUIA,CALLE 5 SUR 32 A 15 APTO 70,http://empresite.eleconomistaamerica.co/SEGUNDA-GENERACION-SAS.html,SEGUNDA GENERACION S A S,GENERACION-FOTOVOLTAICA,(4)5834626
138,Actividades de otras asociaciones n c p,MEDELLIN,ANTIOQUIA,CALLE 12 A 30 29,http://empresite.eleconomistaamerica.co/FUNDACION-ALIANZA-GENERACIONAL-ANTIOQUIA.html,FUNDACION ALIANZA GENERACIONAL DE ANTIOQUIA EN LIQUIDACION,GENERACION-FOTOVOLTAICA,(4)4224545
139,Otras actividades de asistencia social sin alojamiento,MEDELLIN,ANTIOQUIA,CALLE 48 56 10,http://empresite.eleconomistaamerica.co/FUNDACION-GENERACION-VISIBLE.html,FUNDACION GENERACION VISIBLE,GENERACION-FOTOVOLTAICA,(4)3665417
140,Actividades de otras asociaciones n c p,BELLO,ANTIOQUIA,CALLE 49 53 A 34,http://empresite.eleconomistaamerica.co/FUNDACION-GENERACION-RELEVANTE.html,FUNDACION GENERACION RELEVANTE,GENERACION-FOTOVOLTAICA,(4)6008932
141,Actividades de otras asociaciones n c p,BELLO,ANTIOQUIA,CALLE 30 D 50 A 32 INT 202,http://empresite.eleconomistaamerica.co/CORPORACION-AMBIENTAL-GENERACION-VERDE.html,CORPORACION AMBIENTAL GENERACION VERDE,GENERACION-FOTOVOLTAICA,3146864323
142,Actividades de consultaria de gestion,BELLO,ANTIOQUIA,CALLE 20 E 76 23 APT 201,http://empresite.eleconomistaamerica.co/CORPORACION-SOCIAL-NUEVA-GENERACION.html,CORPORACION SOCIAL NUEVA GENERACION,GENERACION-FOTOVOLTAICA,(4)4624559
143,Comercio al por menor de otros articulos culturales y de entretenimiento n c p en establecimientos especializados,MEDELLIN,ANTIOQUIA,CALLE 53 43 76,http://empresite.eleconomistaamerica.co/DISCOTIENDA-CRISTIANA-NUEVA-GENERACION-LTDA.html,DISCOTIENDA CRISTIANA NUEVA GENERACION SAS,GENERACION-FOTOVOLTAICA,(4)2163594
144,Actividades de saneamiento ambiental y otros servicios de gestion de desechos,MEDELLIN,ANTIOQUIA,CARRERA 32 A 102 B 53,http://empresite.eleconomistaamerica.co/PRECOOPERATIVA-TRABAJO-ASOCIADO-NUEVA-GENERACION-AMBIENTAL.html,PRECOOPERATIVA DE TRABAJO ASOCIADO NUEVA GENERACION AMBIENTAL,GENERACION-FOTOVOLTAICA,
145,Comercio al por menor de libros periodicos materiales y articulos de papeleria y escritorio en establecimientos especializados,MEDELLIN,ANTIOQUIA,CARRERA 48 B 85 04 APTO 402,http://empresite.eleconomistaamerica.co/NUEVA-GENERACION-EDUCATIVA-SAS.html,NUEVA GENERACION EDUCATIVA S A S,GENERACION-FOTOVOLTAICA,3154438092
146,Otras actividades de asistencia social sin alojamiento,MEDELLIN,ANTIOQUIA,CARRERA 77 48 01,http://empresite.eleconomistaamerica.co/FUNDACION-CRISTIANA-NUEVA-GENERACION.html,FUNDACION CRISTIANA NUEVA GENERACION,GENERACION-FOTOVOLTAICA,(4)2342847
147,Actividades de otras asociaciones n c p,PUERTO TRIUNFO,ANTIOQUIA,CALLE 10 12 17 CORR ESTACION COCORNA,http://empresite.eleconomistaamerica.co/ASOCIACION-GENERACION-VIDA-DIGNA.html,ASOCIACION GENERACION VIDA DIGNA,GENERACION-FOTOVOLTAICA,3138190250
148,Actividades de otras asociaciones n c p,BAGRE,ANTIOQUIA,LUGAR EL BAGRE LAS DELICIAS,http://empresite.eleconomistaamerica.co/ASOCIACION-JUVENIL-GENERACION-OPORTUNIDADES-AJGEO.html,ASOCIACION JUVENIL GENERACION DE OPORTUNIDADES AJGEO,GENERACION-FOTOVOLTAICA,3104648863
149,Actividades de otras asociaciones n c p,MEDELLIN,ANTIOQUIA,CALLE 86 A 92 E 49,http://empresite.eleconomistaamerica.co/CORPORACION-PARA-TRABAJO-GENERACION-EMPLEO-SECTORES-INTER-ETNICOS-MARTIN-LUTHER-KING.html,CORPORACION PARA EL TRABAJO Y GENERACION DE EMPLEO MARTIN LUTHER KING,GENERACION-FOTOVOLTAICA,(4)5051019
150,Actividades de telecomunicaciones alambricas,MEDELLIN,ANTIOQUIA,CALLE 33 65 B 53,http://empresite.eleconomistaamerica.co/GS-MOVIL-GENERACION-SERVICIO-EU.html,GS MOVIL GENERACION DE SERVICIO MOVIL E U EN LIQUIDACION,GENERACION-FOTOVOLTAICA,(4)2266268
151,Terminacion y acabado de edificios y obras de ingenieria civil,MEDELLIN,ANTIOQUIA,CALLE 10 52 53,http://empresite.eleconomistaamerica.co/FORINOX-NUEVA-GENERACION-SAS.html,FORINOX NUEVA GENERACION S A S,GENERACION-FOTOVOLTAICA,(4)4440442
152,Construccion de edificios residenciales,MEDELLIN,ANTIOQUIA,CARRERA 42 5 SUR 46,http://empresite.eleconomistaamerica.co/CONSTRUCTORA-GENERACIONES-SAS.html,CONSTRUCTORA GENERACIONES S A S,GENERACION-FOTOVOLTAICA,(4)5867816
153,Actividades de otras asociaciones n c p,COCORNA,ANTIOQUIA,VEREDA LAS PLAYAS,http://empresite.eleconomistaamerica.co/ASOCIACION-CULTIVADORES-CANA-PRODUCTORES-PANELA-NUEVA-GENERACION.html,ASOCIACION DE CULTIVADORES DE CANA Y PRODUCTORES DE PANELA NUEVA GENERACION,GENERACION-FOTOVOLTAICA,3113921884
154,Actividades de otras asociaciones n c p,MEDELLIN,ANTIOQUIA,CARRERA 83 A 48 BB 81 INT 14,http://empresite.eleconomistaamerica.co/CORPORACION-NUEVA-GENERACION-AMBIENTAL-SOSTENIBLE.html,CORPORACION NUEVA GENERACION AMBIENTAL SOSTENIBLE,GENERACION-FOTOVOLTAICA,(4)5983995
155,Actividades de arquitectura e ingenieria y otras actividades conexas de consultoria tecnica,MEDELLIN,ANTIOQUIA,CARRERA 48 12 SUR 70,http://empresite.eleconomistaamerica.co/ASESORIAS-INGENIERIA-GENERACION-SA.html,GENERACION ASESOR A INGENIERIA Y CONSTRUCCION S A S,GENERACION-FOTOVOLTAICA,(4)4484766
156,Formacion academica no formal,MEDELLIN,ANTIOQUIA,CARRERA 77 48 1,http://empresite.eleconomistaamerica.co/FUNDACION-NUEVA-GENERACION-INTERNACIONAL.html,FUNDACION NUEVA GENERACION INTERNACIONAL,GENERACION-FOTOVOLTAICA,3003322919
157,Actividades de otras asociaciones n c p,BELLO,ANTIOQUIA,AVENIDA 38 61 02,http://empresite.eleconomistaamerica.co/ASOCIACION-PADRES-FAMILIA-INSTITUCION-EDUCATIVA-FE-ALEGRIA-NUEVA-GENERACION.html,ASOCIACION DE PADRES DE FAMILIA DE LA INSTITUCION EDUCATIVA FE Y ALEGRIA NUEVA GENERACION,GENERACION-FOTOVOLTAICA,(4)4815506
158,Actividades de asociaciones profesionales,CAROLINA DEL PRINCIPE,ANTIOQUIA,CALLE 49 50 58,http://empresite.eleconomistaamerica.co/ONG-CORPORACION-GENERACION-INTERACTIVA-COMUNICACIONES.html,ONG CORPORACION GENERACION INTERACTIVA DE LAS COMUNICACIONES,GENERACION-FOTOVOLTAICA,3113458874
159,Comercio al por mayor de materiales de construccion articulos de ferreteria pinturas productos de vidrio equipo y materiales de fontaneria y calefaccion,MEDELLIN,ANTIOQUIA,CALLE 19 A 43 B 41,http://empresite.eleconomistaamerica.co/DESTILADOS-SOLVENTES-SA.html,CACHARRERIA MUNDIAL S A S,ELECTRONICA-DE-POTENCIA,(4)2619100
160,Mantenimiento y reparacion de vehiculos automotores,BELLO,ANTIOQUIA,CALLE 40 50 211 LC 1,http://empresite.eleconomistaamerica.co/INVERSORES-HATO-SAS.html,INVERSORES EL HATO S A S,INVERSORES-FOTOVOLTAICA,(4)4567863
161,Actividades de administracion empresarial,MEDELLIN,ANTIOQUIA,CALLE 11 A 42 68 APTO 302,http://empresite.eleconomistaamerica.co/INVERSORES-GES-SAS.html,INVERSORES GES S A S,INVERSORES-FOTOVOLTAICA,(4)3525568
162,Confeccion de prendas de vestir excepto prendas de piel,MEDELLIN,ANTIOQUIA,CALLE 79 43 93,http://empresite.eleconomistaamerica.co/INVERSORES-GONZALEZ-POLO-SAS.html,INVERSORES GONZALEZ POLO S A S,INVERSORES-FOTOVOLTAICA,3104057744
163,Expendio de comidas preparadas en cafeterias,MEDELLIN,ANTIOQUIA,CALLE 6 32 135 APTO 401,http://empresite.eleconomistaamerica.co/INVERSORES-MIXTOS-SAS.html,INVERSORES MIXTOS S A S,INVERSORES-FOTOVOLTAICA,(4)4992349
164,Otras actividades de servicio financiero excepto las de seguros y pensiones n c p,MEDELLIN,ANTIOQUIA,CALLE 5 FF 29 C 20,http://empresite.eleconomistaamerica.co/INVERSORES-MEJIA-COMPANIA-SC.html,INVERSORES MEJIA Y MEJIA Y COMPANIA S EN C EN LIQUIDACION,INVERSORES-FOTOVOLTAICA,(4)3117915
165,Comercio al por menor de combustible para automotores,BELLO,ANTIOQUIA,CARRERA 44 A 46 49,http://empresite.eleconomistaamerica.co/INVERSORES-HATO-VIEJO-SA.html,INVERSORES HATO VIEJO S A,INVERSORES-FOTOVOLTAICA,(4)4521011
166,Actividades inmobiliarias realizadas con bienes propios o arrendados,SABANETA,ANTIOQUIA,CALLE 64 SUR 39 110 IN 701,http://empresite.eleconomistaamerica.co/JYM-INVERSORES-SAS.html,JYM INVERSORES S A S,INVERSORES-FOTOVOLTAICA,3007831404
167,Comercio al por mayor de prendas de vestir,LA CEJA,ANTIOQUIA,VEREDA SAN MIGUEL,http://empresite.eleconomistaamerica.co/GARCIA-CANO-INVERSORES-SAS.html,GARCIA CANO INVERSORES S A S,INVERSORES-FOTOVOLTAICA,(4)5628088
168,Actividades inmobiliarias realizadas a cambio de una retribucion o por contrata,MEDELLIN,ANTIOQUIA,CALLE 48 57 87 P7 INT 70,http://empresite.eleconomistaamerica.co/GRUPO-INVERSORES-SAS.html,GRUPO INVERSORES SAS,INVERSORES-FOTOVOLTAICA,(4)2310350
169,Alojamiento en hoteles,MEDELLIN,ANTIOQUIA,CARRERA 43 A 1 SUR 188,http://empresite.eleconomistaamerica.co/CMS-INVERSORES-SAS.html,C M S INVERSORES S A S,INVERSORES-FOTOVOLTAICA,(4)4487075
170,Actividades de administracion empresarial,MEDELLIN,ANTIOQUIA,CALLE 16 41 210 OF 201,http://empresite.eleconomistaamerica.co/PARRA-RAMIREZ-INVERSORES-SAS.html,PARRA RAMIREZ INVERSORES S A S,INVERSORES-FOTOVOLTAICA,3006382194
171,Actividades de administracion empresarial,MEDELLIN,ANTIOQUIA,CALLE 16 41 210 OF 201,http://empresite.eleconomistaamerica.co/PARRA-LOPEZ-INVERSORES-SAS.html,PARRA LOPEZ INVERSORES S A S,INVERSORES-FOTOVOLTAICA,3006382194
172,Actividades inmobiliarias realizadas con bienes propios o arrendados,MEDELLIN,ANTIOQUIA,CALLE 20 SU  45 70 APTO 603,http://empresite.eleconomistaamerica.co/CYC-INVERSORES-SAS.html,CYC INVERSORES S A S,INVERSORES-FOTOVOLTAICA,3183818256
173,Actividades inmobiliarias realizadas con bienes propios o arrendados,RIONEGRO,ANTIOQUIA,CARRERA 35 B 32 29,http://empresite.eleconomistaamerica.co/GLOBAL-INVERSORES-AMERICA-SAS.html,GLOBAL INVERSORES AMERICA S A S,INVERSORES-FOTOVOLTAICA,3046108566
174,Otras actividades auxiliares de las actividades de servicios financieros n c p,RIONEGRO,ANTIOQUIA,CALLE 40 67 18,http://empresite.eleconomistaamerica.co/TYT-INVERSORES-COLOMBIA-SAS.html,T Y T INVERSORES DE COLOMBIA S A S,INVERSORES-FOTOVOLTAICA,3164916714
175,Actividades inmobiliarias realizadas con bienes propios o arrendados,MEDELLIN,ANTIOQUIA,TRANSVERSAL 39 73 10 PISO 14 1,http://empresite.eleconomistaamerica.co/MUSYCA-INVERSORES-SAS.html,MUSYCA INVERSORES S A S,INVERSORES-FOTOVOLTAICA,(4)5108428
176,Confeccion de prendas de vestir excepto prendas de piel,MEDELLIN,ANTIOQUIA,CARRERA 81 45 187,http://empresite.eleconomistaamerica.co/JYG-INVERSORES-LTDA.html,J Y G INVERSORES LTDA,INVERSORES-FOTOVOLTAICA,(4)5805870
177,Actividades inmobiliarias realizadas a cambio de una retribucion o por contrata,MEDELLIN,ANTIOQUIA,,http://empresite.eleconomistaamerica.co/CHIQUITO-TOBON-INVERSORES-LTDA.html,CHIQUITO TOBON INVERSORES LTDA,INVERSORES-FOTOVOLTAICA,
178,Actividades inmobiliarias realizadas con bienes propios o arrendados,ENVIGADO,ANTIOQUIA,,http://empresite.eleconomistaamerica.co/CUATRO-INVERSORES-SAS.html,CUATRO INVERSORES S A S,INVERSORES-FOTOVOLTAICA,
179,Actividades de agentes y corredores de seguro,MEDELLIN,ANTIOQUIA,CALLE 43 A 58 40 INT 201,http://empresite.eleconomistaamerica.co/CH-ASESORES-SEGUROS-INVERSORES-LTDA.html,C H ASESORES EN SEGUROS E INVERSORES LTDA,INVERSORES-FOTOVOLTAICA,(4)4480201
180,Comercio de vehiculos automotores usados,MEDELLIN,ANTIOQUIA,,http://empresite.eleconomistaamerica.co/PROMOTORA-INVERSORES-ASOCIADOS-SAS.html,PROMOTORA DE INVERSORES ASOCIADOS S A S,INVERSORES-FOTOVOLTAICA,3003059512
181,Actividades de consultaria de gestion,CAUCASIA,ANTIOQUIA,CARRERA 20 15 74 2 DO PISO,http://empresite.eleconomistaamerica.co/CADAF-INVERSORES-CONSULTORES-SAS.html,CADAF INVERSORES Y CONSULTORES S A S,INVERSORES-FOTOVOLTAICA,3117673531
182,Comercio al por mayor de productos alimenticios,CAUCASIA,ANTIOQUIA,CARRERA 12 27 58,http://empresite.eleconomistaamerica.co/GRUPO-INVERSORES-CAUCA-SAS.html,GRUPO INVERSORES DEL CAUCA S A S,INVERSORES-FOTOVOLTAICA,3145690128
183,Cria de ganado bovino y bufalino,MEDELLIN,ANTIOQUIA,CALLE 21 A 59 11 INT301,http://empresite.eleconomistaamerica.co/GRUPO-INVERSORES-ALFA-SAS-ANTIOQUIA.html,GRUPO DE INVERSORES ALFA S A S,INVERSORES-FOTOVOLTAICA,3117063600
184,Actividades de otras asociaciones n c p,SABANALARGA,ANTIOQUIA,,http://empresite.eleconomistaamerica.co/ASOCIACION-PERSONAS-DISCAPACIDAD-DEJANDO-HUELLAS.html,ASOCIACION DE PERSONAS CON DISCAPACIDAD DEJANDO HUELLAS,MEDICION-DE-HUELLA-DE-CARBONO,
185,Otras actividades de atencion de la salud humana,MEDELLIN,ANTIOQUIA,CARRERA 48 19 A 40 1306 13,http://empresite.eleconomistaamerica.co/UNIDAD-MEDICINA-REPRODUCTIVA-DEJANDO-HUELLA-FERTILIDAD-SA.html,UNIDAD DE MEDICINA REPRODUCTIVA DEJANDO HUELLA FERTILIDAD S A,MEDICION-DE-HUELLA-DE-CARBONO,(4)4449112
186,Actividades de otras asociaciones n c p,MEDELLIN,ANTIOQUIA,CALLE 58 59108 APTO 1707,http://empresite.eleconomistaamerica.co/CORPORACION-HABITAR-ES-DEJAR-HUELLA.html,CORPORACION POIESIS,MEDICION-DE-HUELLA-DE-CARBONO,(4)4516743
187,Actividades de otras asociaciones n c p,MEDELLIN,ANTIOQUIA,CARRERA 10 52 1016,http://empresite.eleconomistaamerica.co/CLUB-VIDA-DEJANDO-HUELLAS.html,CLUB DE VIDA DEJANDO HUELLAS,MEDICION-DE-HUELLA-DE-CARBONO,(4)2696744
188,Actividades de otras asociaciones n c p,MEDELLIN,ANTIOQUIA,CALLE 48 EE 99 DD APTO 154,http://empresite.eleconomistaamerica.co/CORPORACION-TEJIENDO-SUENOS-DEJANDO-HUELLAS.html,CORPORACION TEJIENDO SUENOS Y DEJANDO HUELLAS,MEDICION-DE-HUELLA-DE-CARBONO,3136978337
189,Actividades de otras asociaciones n c p,CARACOLI,ANTIOQUIA,CARRERA 20 22 05,http://empresite.eleconomistaamerica.co/ASOCIACION-DEJANDO-HUELLA-CARACOLI.html,ASOCIACION DEJANDO HUELLA EN CARACOLI,MEDICION-DE-HUELLA-DE-CARBONO,(4)8336026
190,Actividades de otras asociaciones n c p,PUERTO TRIUNFO,ANTIOQUIA,CARRERA 12 17 D 32 CORR DORADAL,http://empresite.eleconomistaamerica.co/ASOCIACION-PERSONAS-DISCAPACIDAD-DEJANDO-HUELLA-TU-C.html,ASOCIACION DE PERSONAS CON DISCAPACIDAD DEJANDO HUELLA EN TU C,MEDICION-DE-HUELLA-DE-CARBONO,3108211201
191,Actividades de otras asociaciones n c p,RIONEGRO,ANTIOQUIA,VEREDA LA PLAYA,http://empresite.eleconomistaamerica.co/FUNDACION-DEJANDO-HUELLA-ORIENTE.html,FUNDACION DEJANDO HUELLA EN EL ORIENTE,MEDICION-DE-HUELLA-DE-CARBONO,(4)5303003
192,Actividades de otras asociaciones n c p,YOLOMBO,ANTIOQUIA,CALLE 19 14 PAR PRINCIPAL,http://empresite.eleconomistaamerica.co/ASOCIACION-DEFENSORA-PROTECTORA-ANIMALES-HUELLAS-RESCATE.html,ASOCIACION DEFENSORA Y PROTECTORA DE ANIMALES HUELLAS AL RESCATE,MEDICION-DE-HUELLA-DE-CARBONO,3046387264
193,Actividades de otras asociaciones n c p,GUARNE,ANTIOQUIA,VEREDA PUEBLITO,http://empresite.eleconomistaamerica.co/CORPORACION-DEJANDO-HUELLA.html,CORPORACION DEJANDO HUELLA,MEDICION-DE-HUELLA-DE-CARBONO,3113415042
194,Actividades de otras asociaciones n c p,MEDELLIN,ANTIOQUIA,CALLE 80 C 92 50,http://empresite.eleconomistaamerica.co/ASOCIACION-COMITE-CENTRAL-DEJANDO-HUELLA.html,ASOCIACION COMITE CENTRAL DEJANDO HUELLA,MEDICION-DE-HUELLA-DE-CARBONO,(4)4421935
195,Otras actividades de servicio de apoyo a las empresas n c p,APARTADO,ANTIOQUIA,CALLE 95 103 A 36,http://empresite.eleconomistaamerica.co/INTELIGENTE-VIAL-SAS.html,EL INTELIGENTE VIAL S A S,MEDICION-INTELIGENTE,(4)8289974
196,Mantenimiento y reparacion especializado de equipo electrico,MEDELLIN,ANTIOQUIA,CARRERA 68 80 27,http://empresite.eleconomistaamerica.co/MEDICIONES-CALIDAD-SAS.html,MEDICIONES CON CALIDAD S A S,MEDICION-INTELIGENTE,(4)5838211
197,Mantenimiento y reparacion especializado de maquinaria y equipo,BELLO,ANTIOQUIA,AVENIDA 37 55 26 INT 11,http://empresite.eleconomistaamerica.co/MEDICIONES-INDUSTRIALES-SAS.html,MEDICIONES INDUSTRIALES S A S,MEDICION-INTELIGENTE,(4)4531934
198,Comercio al por mayor no especializado,LA ESTRELLA,ANTIOQUIA,CARRERA 52 D 75AB SUR 80 IN 130,http://empresite.eleconomistaamerica.co/MEDICIONES-ELECTRICAS-SAS.html,MEDICIONES ELECTRICAS S A S,MEDICION-INTELIGENTE,(4)3385083
199,Otras actividades de servicios personales n c p,MEDELLIN,ANTIOQUIA,TRANSVERSAL 39 72 113 INT 301,http://empresite.eleconomistaamerica.co/MEDICIONES-GEOGRAFICAS-SAS.html,MEDICIONES GEOGRAFICAS S A S,MEDICION-INTELIGENTE,(4)4136003
200,Actividades de arquitectura e ingenieria y otras actividades conexas de consultoria tecnica,MEDELLIN,ANTIOQUIA,TRANSVERSAL 32 D 74 D 40,http://empresite.eleconomistaamerica.co/MEDICIONES-INGENIERIA-SAS.html,MEDICIONES DE INGENIERIA S A S,MEDICION-INTELIGENTE,(4)4125716
201,Comercio al por mayor de maquinaria y equipo agropecuarios,MEDELLIN,ANTIOQUIA,CALLE 11 C S 48 B 06,http://empresite.eleconomistaamerica.co/MEDICION-CONTROL-LTDA.html,MEDICION Y CONTROL LTDA,MEDICION-INTELIGENTE,(4)3115737
202,Alquiler y arrendamiento de otros tipos de maquinaria equipo y bienes tangibles n c p,MEDELLIN,ANTIOQUIA,CARRERA 30 17 SUR 09 APT 5,http://empresite.eleconomistaamerica.co/MEDICIONES-EQUIPOS-SAS.html,MEDICIONES Y EQUIPOS S A S,MEDICION-INTELIGENTE,(4)5814997
203,Otras actividades profesionales cientificas y tecnicas n c p,MEDELLIN,ANTIOQUIA,CARRERA 81 44 B 37 PISO 1,http://empresite.eleconomistaamerica.co/MEDICION-SATELITAL-SAS.html,MEDICION SATELITAL S A S,MEDICION-INTELIGENTE,(4)4142244
204,Instalaciones electricas,MEDELLIN,ANTIOQUIA,CARRERA 74 43 31 APTO 806,http://empresite.eleconomistaamerica.co/MEDICION-SERVICIOS-ENERGIA-SAS.html,MEDICION Y SERVICIOS DE ENERGIA S A S,MEDICION-INTELIGENTE,(4)5629754
205,Comercio al por menor de tapices alfombras y cubrimientos para paredes y pisos en establecimientos especializados,MEDELLIN,ANTIOQUIA,CARRERA 32 2 SUR 129,http://empresite.eleconomistaamerica.co/GRUPO-INVERSIONISTA-JACZ-SAS.html,GRUPO INVERSIONISTA JACZ S A S,MEDICION-INTELIGENTE,(4)2663989
206,Comercio al por mayor de otros tipos de maquinaria y equipo n c p,MEDELLIN,ANTIOQUIA,TRANSVERSAL 4 A 75 D 98,http://empresite.eleconomistaamerica.co/SENSORES-EQUIPOS-SAS.html,SENSORES Y EQUIPOS S A S,MEDICION-INTELIGENTE,(4)2568301
207,Construccion de edificios residenciales,LA UNION,ANTIOQUIA,CALLE 14 8 60,http://empresite.eleconomistaamerica.co/INGENIERIA-MEDICIONES-SERVICIOS-SAS.html,INGENIERIA MEDICIONES Y SERVICIOS S A S,MEDICION-INTELIGENTE,3216313954
208,Comercio al por menor de otros productos nuevos en establecimientos especializados,ENVIGADO,ANTIOQUIA,CARRERA 46 39 A SUR 69,http://empresite.eleconomistaamerica.co/INSTRUMENTACION-MEDICION-CONTROL-SAS.html,INSTRUMENTACION MEDICION Y CONTROL S A S,MEDICION-INTELIGENTE,(4)3229116
209,Otras actividades profesionales cientificas y tecnicas n c p,MEDELLIN,ANTIOQUIA,CARRERA 47 20 SUR 108,http://empresite.eleconomistaamerica.co/PROSPECTIVA-GESTION-MEDICION-SAS.html,PROSPECTIVA GESTION Y MEDICION S A S,MEDICION-INTELIGENTE,3184817622
210,Actividades de arquitectura e ingenieria y otras actividades conexas de consultoria tecnica,MEDELLIN,ANTIOQUIA,,http://empresite.eleconomistaamerica.co/MCC-MEDICIONES-CONSTRUCCIONES-CIVILES-CIA-LTDA.html,M C C MEDICIONES Y CONSTRUCCIONES CIVILES Y CIA LTDA,MEDICION-INTELIGENTE,
211,Comercio al por menor de electrodomesticos y gasodomesticos de uso domestico muebles y equipos de iluminacion,MEDELLIN,ANTIOQUIA,CARRERA 76 53 90 APARTAMEN,http://empresite.eleconomistaamerica.co/DIU-ESPACIOS-INTELIGENTES-SAS.html,DIU ESPACIOS INTELIGENTES S A S,MEDICION-INTELIGENTE,3116768625
212,Otras actividades especializadas para la construccion de edificios y obras de ingenieria civil,MEDELLIN,ANTIOQUIA,CALLE 28 84 195 INTERIOR,http://empresite.eleconomistaamerica.co/DYJ-CONSTRUCCION-INTELIGENTE-SAS.html,DYJ CONSTRUCCION INTELIGENTE S A S,MEDICION-INTELIGENTE,3113349847
213,Actividades de servicios de sistemas de seguridad,MEDELLIN,ANTIOQUIA,CALLE 20 A 77 15 INT 911,http://empresite.eleconomistaamerica.co/SOLUCION-PROYECTOS-INTELIGENTES-SAS.html,SOLUCION DE PROYECTOS INTELIGENTES S A S,MEDICION-INTELIGENTE,3217010212
214,Alquiler y arrendamiento de otros tipos de maquinaria equipo y bienes tangibles n c p,SABANETA,ANTIOQUIA,CALLE 51 SUR 48 57 OF 7191,http://empresite.eleconomistaamerica.co/CREACIONES-INTELIGENTES-SAS.html,CREACIONES INTELIGENTES S A S,MEDICION-INTELIGENTE,3002256910
215,Comercio al por mayor de equipo partes y piezas electronicos y de telecomunicaciones,MEDELLIN,ANTIOQUIA,CARRERA 78 A 30 03 PISO 2,http://empresite.eleconomistaamerica.co/ALARMAS-SISTEMAS-INTELIGENTES-ALSYS-SAS.html,ALARMAS Y SISTEMAS INTELIGENTES ALSYS S A S,MEDICION-INTELIGENTE,(4)2567161
216,Actividades de otras asociaciones n c p,MEDELLIN,ANTIOQUIA,TRANSVERSAL 49 SU  61 B 3 APT,http://empresite.eleconomistaamerica.co/ASOCIACION-MODA-INTELIGENTE.html,ASOCIACION MODA INTELIGENTE,MEDICION-INTELIGENTE,(4)3374711
217,Fabricacion de productos metalicos para uso estructural,MEDELLIN,ANTIOQUIA,CARRERA 43 A 10 47 OF 114,http://empresite.eleconomistaamerica.co/COCINAS-INTELIGENTES-SAS.html,COCINAS INTELIGENTES S A S,MEDICION-INTELIGENTE,(4)2661812
218,Expendio a la mesa de comidas preparadas,MEDELLIN,ANTIOQUIA,CARRERA 25 3 45 LOCAL 117,http://empresite.eleconomistaamerica.co/NUTRICION-INTELIGENTE-SAS.html,NUTRICION INTELIGENTE S A S,MEDICION-INTELIGENTE,3108226535
219,Actividades de servicios de sistemas de seguridad,MEDELLIN,ANTIOQUIA,CARRERA 81 43 72 LOC 1175,http://empresite.eleconomistaamerica.co/APLICACIONES-INTELIGENTES-RUIZCOM-SAS.html,APLICACIONES INTELIGENTES RUIZCOM S A S,MEDICION-INTELIGENTE,(4)5818444
220,Comercio al por menor de otros productos alimenticios n c p en establecimientos especializados,MEDELLIN,ANTIOQUIA,CARRERA 77 45 C 92,http://empresite.eleconomistaamerica.co/CONSUMIDOR-MERCADO-INTELIGENTE-SAS.html,CONSUMIDOR DE MERCADO INTELIGENTE S A S,MEDICION-INTELIGENTE,(4)4487717
221,Otras actividades de servicio de apoyo a las empresas n c p,MEDELLIN,ANTIOQUIA,CARRERA 64 C 72 58 PISO 3,http://empresite.eleconomistaamerica.co/SISTEMAS-INTELIGENTES-RED-SAS.html,SISTEMAS INTELIGENTES EN RED S A S,MEDICION-INTELIGENTE,(4)3201058
222,Actividades de desarrollo de sistemas informaticos (planificacion analisis diseo programacion pruebas),MEDELLIN,ANTIOQUIA,DIAGONAL 47 A 17 SUR 162 CA 105,http://empresite.eleconomistaamerica.co/INGENIERIA-SISTEMAS-INTELIGENTES-TECNOLOGIA-SAS.html,INGENIERIA SISTEMAS INTELIGENTES Y TECNOLOGIA S A S,MEDICION-INTELIGENTE,(4)3229004
223,Actividades de consultoria informatica y actividades de administracion de instalaciones informaticas,MEDELLIN,ANTIOQUIA,CALLE 18 A SUR 38 350,http://empresite.eleconomistaamerica.co/VIDA-INTELIGENTE-SOCIEDAD-ACCIONES-SIMPLIFICADA.html,VIDA INTELIGENTE SOCIEDAD POR ACCIONES SIMPLIFICADA EN LIQUIDACION,MEDICION-INTELIGENTE,(4)3134953
224,Actividades de impresion,MEDELLIN,ANTIOQUIA,CALLE 47 D 77 AA 67,http://empresite.eleconomistaamerica.co/SISTEMA-INTEGRAL-LECTURA-INTELIGENTE-LTDA.html,SISTEMA INTEGRAL LECTURA INTELIGENTE S A S,MEDICION-INTELIGENTE,(4)3126060
225,Otras instalaciones especializadas,MEDELLIN,ANTIOQUIA,CARRERA 65 D 32 B 28,http://empresite.eleconomistaamerica.co/MONTAJES-INTELIGENTES-SEGURIDAD-LTDA.html,MONTAJES INTELIGENTES DE SEGURIDAD LTDA,MEDICION-INTELIGENTE,(4)3163371
226,Almacenamiento y deposito,RIONEGRO,ANTIOQUIA,VEREDA CHACHAFRUTO ZF,http://empresite.eleconomistaamerica.co/LOGISTICA-INTELIGENTE-SAS.html,LOGISTICA INTELIGENTE SAS,MEDICION-INTELIGENTE,3206839053
227,Actividades de consultoria informatica y actividades de administracion de instalaciones informaticas,MEDELLIN,ANTIOQUIA,CALLE 44 A 70 59 INT 300,http://empresite.eleconomistaamerica.co/ININTEL-INGENIERIA-INTELIGENTE-SAS.html,ININTEL INGENIERIA INTELIGENTE S A S,MEDICION-INTELIGENTE,(4)2307008
228,Edicion de programas de informatica (software),MEDELLIN,ANTIOQUIA,CARRERA 64 C 51 61 B 87,http://empresite.eleconomistaamerica.co/SISTEMAS-INTELIGENTES-EMPRESARIALES-SIEMPRE-SAS.html,SISTEMAS INTELIGENTES EMPRESARIALES SIEMPRE S A S,MEDICION-INTELIGENTE,(4)6067203
229,Actividades inmobiliarias realizadas con bienes propios o arrendados,ENVIGADO,ANTIOQUIA,CALLE 23 SUR 28 46 LC 104,http://empresite.eleconomistaamerica.co/SMART-CONTROL-SOLUCIONES-INTELIGENTES-SOCIEDAD-ACCIONES-SIMPLIFICADAS.html,SMART CONTROL SOLUCIONES INTELIGENTES SOCIEDAD POR ACCIONES SIMPLIFICADAS,MEDICION-INTELIGENTE,(4)3170020
230,Actividades juridicas,MEDELLIN,ANTIOQUIA,CARRERA 65 16 86,http://empresite.eleconomistaamerica.co/ACCIONES-INTELIGENTES-CONSULTORES-EU.html,ACCIONES INTELIGENTES CONSULTORES E U EN LIQUIDACION,MEDICION-INTELIGENTE,(4)2404360
231,Actividades de arquitectura e ingenieria y otras actividades conexas de consultoria tecnica,MEDELLIN,ANTIOQUIA,CARRERA 42 31 84,http://empresite.eleconomistaamerica.co/ARQUITECTURA-INTELIGENTE-LTDA.html,ARQUITECTURA INTELIGENTE LTDA,MEDICION-INTELIGENTE,(4)3776331
232,Actividades de arquitectura e ingenieria y otras actividades conexas de consultoria tecnica,SABANETA,ANTIOQUIA,CALLE 73 SUR 45 35,http://empresite.eleconomistaamerica.co/NAGUARE-INGENIERIA-ELECTRICA-ARQUITECTURA-INTELIGENTE-SAS.html,NAGUARE INGENIERIA ELECTRICA Y ARQUITECTURA INTELIGENTE S A S,MEDICION-INTELIGENTE,(4)5704031
233,Estudios de mercado y realizacion de encuestas de opinion publica,MEDELLIN,ANTIOQUIA,CARRERA 64 B 48 141 OF 102,http://empresite.eleconomistaamerica.co/PROYECTOS-INTELIGENTES-MERCADEO-LTDA.html,PROYECTOS INTELIGENTES DE MERCADEO LTDA,MEDICION-INTELIGENTE,(4)2609127
234,Comercio al por mayor de maquinaria y equipo agropecuarios,ENVIGADO,ANTIOQUIA,CALLE 33 B SUR 44 53,http://empresite.eleconomistaamerica.co/ALTERNATIVAS-INTELIGENTES-SA.html,ALTERNATIVAS INTELIGENTES S A S,MEDICION-INTELIGENTE,(4)2705314
235,Actividades de consultaria de gestion,MEDELLIN,ANTIOQUIA,CARRERA 48 17 B SUR 62,http://empresite.eleconomistaamerica.co/PROYECTOS-INTELIGENTES-LTDA.html,PROYECTOS INTELIGENTES S A S,MEDICION-INTELIGENTE,(4)3526678
236,Actividades de consultoria informatica y actividades de administracion de instalaciones informaticas,MEDELLIN,ANTIOQUIA,,http://empresite.eleconomistaamerica.co/SISTEMAS-INTELIGENTES-BASICOS-LTDA.html,SISTEMAS INTELIGENTES BASICOS LTDA,MEDICION-INTELIGENTE,
237,Otras actividades recreativas y de esparcimiento n c p,MEDELLIN,ANTIOQUIA,CARRERA 73 CIRCULAR 1 23,http://empresite.eleconomistaamerica.co/ENTRETENIMIENTO-INTELIGENTE-SAS.html,ENTRETENIMIENTO INTELIGENTE S A S,MEDICION-INTELIGENTE,3006097770
238,Confeccin de prendas de vestir,ENVIGADO,ANTIOQUIA,CL 36 SUR 25 114 IN 130,http://empresite.eleconomistaamerica.co/SISTEMAS-INTELIGENTES-PRODUCCION-SAS.html,SISTEMAS INTELIGENTES DE PRODUCCION S A S,MEDICION-INTELIGENTE,(4)3774641
239,Actividades de telecomunicaciones alambricas,MEDELLIN,ANTIOQUIA,,http://empresite.eleconomistaamerica.co/TELEFONIA-INTELIGENTE-SAS.html,TELEFONIA INTELIGENTE S A S,MEDICION-INTELIGENTE,(4)4441455
240,Actividades de desarrollo de sistemas informaticos (planificacion analisis diseo programacion pruebas),MEDELLIN,ANTIOQUIA,CARRERA 65 F 32 A 23 OF 303,http://empresite.eleconomistaamerica.co/INGENIERIA-CONTROL-INTELIGENTE-SAS.html,INGENIERIA DE CONTROL INTELIGENTE S A S,MEDICION-INTELIGENTE,3015482053
241,Comercio al por mayor no especializado,MEDELLIN,ANTIOQUIA,TRANSVERSAL 5 A 45 163 INT 404,http://empresite.eleconomistaamerica.co/SOLUCIONES-INTELIGENTES-REPRESENTANDO-FUTURO-SAS.html,SOLUCIONES INTELIGENTES REPRESENTANDO UN FUTURO S A S,MEDICION-INTELIGENTE,(4)3116080
242,Construccion de otras obras de ingenieria civil,MEDELLIN,ANTIOQUIA,CALLE 78 86 20,http://empresite.eleconomistaamerica.co/EKO-CONSTRUCCIONES-INTELIGENTES-SAS.html,EKO CONSTRUCCIONES INTELIGENTES S A S,MEDICION-INTELIGENTE,3122163793
243,Actividades de arquitectura e ingenieria y otras actividades conexas de consultoria tecnica,MEDELLIN,ANTIOQUIA,TRANSVERSAL 32 D 74 D 69,http://empresite.eleconomistaamerica.co/INGENIERIA-SOLUCIONES-ENERGETICAS-INTELIGENTES-SAS.html,INGENIERIA Y SOLUCIONES ENERGETICAS INTELIGENTES S A S,MEDICION-INTELIGENTE,(4)4482531
244,Publicidad,MEDELLIN,ANTIOQUIA,CALLE 7 83 A 24 143 CON,http://empresite.eleconomistaamerica.co/BIG-BIKER-PRENDAS-INTELIGENTES-SAS.html,BIG BIKER PRENDAS INTELIGENTES S A S,MEDICION-INTELIGENTE,(4)5593633
245,Otras actividades complementarias al transporte,CALDAS,ANTIOQUIA,LUGAR KM 1 VTE CALDAS - PR,http://empresite.eleconomistaamerica.co/LOGISTICA-INTELIGENTE-CALDAS-SAS.html,LOGISTICA INTELIGENTE CALDAS S A S,MEDICION-INTELIGENTE,(4)5629466
246,Comercio al por mayor de productos quimicos basicos cauchos y plasticos en formas primarias y productos quimicos de uso agropecuario,APARTADO,ANTIOQUIA,CALLE 108 111 65 TO 6 AP 222,http://empresite.eleconomistaamerica.co/NUTRICION-VEGETAL-INTELIGENTE-SAS.html,NUTRICION VEGETAL INTELIGENTE S A S,MEDICION-INTELIGENTE,(4)8295651
247,Actividades de desarrollo de sistemas informaticos (planificacion analisis diseo programacion pruebas),MEDELLIN,ANTIOQUIA,CARRERA 37 A 29 72 BLOQUE 1,http://empresite.eleconomistaamerica.co/INGENIERIA-INTELIGENTE-INNOVADORA-SAS.html,INGENIERIA INTELIGENTE E INNOVADORA S A S,MEDICION-INTELIGENTE,3113370217
248,Comercio al por mayor de productos alimenticios,ITAGUI,ANTIOQUIA,CALLE 15 B SUR 53 214 AP 413,http://empresite.eleconomistaamerica.co/AGRICULTURA-INTELIGENTE-SAS.html,AGRICULTURA INTELIGENTE S A S,MEDICION-INTELIGENTE,3146474209
249,Actividades de arquitectura e ingenieria y otras actividades conexas de consultoria tecnica,MEDELLIN,ANTIOQUIA,CALLE 15 C SUR  29 C 155,http://empresite.eleconomistaamerica.co/SOLUCIONES-INTELIGENTES-PARQUEO-SAS.html,SOLUCIONES INTELIGENTES DE PARQUEO SAS,MEDICION-INTELIGENTE,(4)4443529
250,Actividades de arquitectura e ingenieria y otras actividades conexas de consultoria tecnica,MEDELLIN,ANTIOQUIA,CALLE 30 54 A 57 PISO 2,http://empresite.eleconomistaamerica.co/CONSULTA-INTELIGENTE-SAS.html,CONSULTA INTELIGENTE S A S,MEDICION-INTELIGENTE,(4)4442472
251,Actividades de desarrollo de sistemas informaticos (planificacion analisis diseo programacion pruebas),MEDELLIN,ANTIOQUIA,CARRERA 67 B 48 D 76,http://empresite.eleconomistaamerica.co/SMART-DOTS-SISTEMAS-INTELIGENTES-SAS.html,SMART DOTS SISTEMAS INTELIGENTES S A S,MEDICION-INTELIGENTE,(4)2304463
252,Actividades de consultaria de gestion,MEDELLIN,ANTIOQUIA,CARRERA 90 45 86,http://empresite.eleconomistaamerica.co/COMPRAS-INTELIGENTES-SAS.html,COMPRAS INTELIGENTES S A S,MEDICION-INTELIGENTE,3113502830
253,Otras actividades profesionales cientificas y tecnicas n c p,MEDELLIN,ANTIOQUIA,CARRERA 80 C 5 60 APTO 404,http://empresite.eleconomistaamerica.co/GRUPO-PORFIN-FINALIDADES-INTELIGENTES-SAS.html,GRUPO PORFIN FINALIDADES INTELIGENTES S A S,MEDICION-INTELIGENTE,(4)2974561
254,Actividades de consultoria informatica y actividades de administracion de instalaciones informaticas,MEDELLIN,ANTIOQUIA,CARRERA 80 100 F 13,http://empresite.eleconomistaamerica.co/TECNOLOGIA-SOLUCIONES-DIGITALES-INTELIGENTES-SAS.html,TECNOLOGIA Y SOLUCIONES DIGITALES INTELIGENTES S A S,MEDICION-INTELIGENTE,(4)2375373
255,Actividades de desarrollo de sistemas informaticos (planificacion analisis diseo programacion pruebas),MEDELLIN,ANTIOQUIA,CARRERA 67 1 AA 04,http://empresite.eleconomistaamerica.co/CONOCIMIENTO-NEGOCIOS-INTELIGENTES-SAS.html,CONOCIMIENTO Y NEGOCIOS INTELIGENTES S A S,MEDICION-INTELIGENTE,(4)4445669
256,Actividades de apoyo a la agricultura,MEDELLIN,ANTIOQUIA,CALLE 3 SUR  51 A 18,http://empresite.eleconomistaamerica.co/AGROS-AGRICULTURA-INTELIGENTE-SAS.html,AGROS AGRICULTURA INTELIGENTE S A S,MEDICION-INTELIGENTE,3176691457
257,Gestion de instalaciones deportivas,MEDELLIN,ANTIOQUIA,CALLE 5 SUR 25 40 APTO 2202,http://empresite.eleconomistaamerica.co/SE-INTELIGENTE-SAS.html,SE INTELIGENTE S A S,MEDICION-INTELIGENTE,(4)3537678
258,Comercio al por mayor de productos alimenticios,MEDELLIN,ANTIOQUIA,CALLE 19 65 GG 33,http://empresite.eleconomistaamerica.co/ALIMENTOS-INTELIGENTES-SAS.html,ALIMENTOS INTELIGENTES S A S,MEDICION-INTELIGENTE,(4)3513643
259,Actividades de consultaria de gestion,MEDELLIN,ANTIOQUIA,CALLE 36 65 D 35 OF 501,http://empresite.eleconomistaamerica.co/IC-CONTRATACIONES-INTELIGENTES-SAS.html,I C CONTRATACIONES INTELIGENTES S A S,MEDICION-INTELIGENTE,3205278588
260,Actividades de desarrollo de sistemas informaticos (planificacion analisis diseo programacion pruebas),MEDELLIN,ANTIOQUIA,CALLE 38 B 45 C 7,http://empresite.eleconomistaamerica.co/IM-SOLUCIONES-INTELIGENTES-SAS.html,IM SOLUCIONES INTELIGENTES S A S,MEDICION-INTELIGENTE,(4)4480726
261,Comercio al por mayor no especializado,MEDELLIN,ANTIOQUIA,CALLE 29 C 55 41,http://empresite.eleconomistaamerica.co/AMBIENTES-INTELIGENTES-LTDA.html,AMBIENTES INTELIGENTES S A S,MEDICION-INTELIGENTE,(4)4444755
262,Edicion de periodicos revistas y otras publicaciones periodicas,MEDELLIN,ANTIOQUIA,CARRERA 47 57 A 47 ED LOS,http://empresite.eleconomistaamerica.co/BEBES-MUY-INTELIGENTES-LTDA.html,BEBES MUY INTELIGENTES LTDA,MEDICION-INTELIGENTE,(4)2654065
263,Otras actividades de tecnologias de informacion y actividades de servicios informaticos,MEDELLIN,ANTIOQUIA,CARRERA 82 A 32 B 147,http://empresite.eleconomistaamerica.co/SOLUCIONES-INTELIGENTES-LTDA.html,SOLUCIONES INTELIGENTES LTDA,MEDICION-INTELIGENTE,(4)3418604
264,Otras actividades de telecomunicaciones,MEDELLIN,ANTIOQUIA,CALLE 37 63 51,http://empresite.eleconomistaamerica.co/MONITOREO-INTELIGENTE-LTDA.html,MONITOREO INTELIGENTE S A S,MEDICION-INTELIGENTE,(4)4482562
265,Actividades de servicios de sistemas de seguridad,MEDELLIN,ANTIOQUIA,CARRERA 80 C 40 20,http://empresite.eleconomistaamerica.co/SISTEMAS-INTELIGENTES-SEGURIDAD-SAS.html,SISTEMAS INTELIGENTES DE SEGURIDAD S A S,MEDICION-INTELIGENTE,3188333431
266,Publicidad,MEDELLIN,ANTIOQUIA,CALLE 16 41 210 OF 903,http://empresite.eleconomistaamerica.co/MARKETING-INTELIGENTE-SAS.html,MARKETING INTELIGENTE S A S,MEDICION-INTELIGENTE,(4)2666474
267,Instalaciones electricas,RIONEGRO,ANTIOQUIA,VEREDA CUCHILLAS DE SAN JOSE,http://empresite.eleconomistaamerica.co/UPPER-SOLUCIONES-INTELIGENTES-SAS.html,UPPER SOLUCIONES INTELIGENTES S A S,MEDICION-INTELIGENTE,3014175037
268,Otras actividades de limpieza de edificios e instalaciones industriales,MEDELLIN,ANTIOQUIA,CARRERA 43 B 12 63,http://empresite.eleconomistaamerica.co/LIMPIEZA-INTELIGENTE-SAS.html,LIMPIEZA INTELIGENTE S A S,MEDICION-INTELIGENTE,(4)4483634
269,Confeccion de prendas de vestir excepto prendas de piel,MEDELLIN,ANTIOQUIA,CARRERA 79 23 81 3 ER PISO,http://empresite.eleconomistaamerica.co/SHADAI-PRENDAS-INTELIGENTES-SAS.html,SHADAI PRENDAS INTELIGENTES S A S,MEDICION-INTELIGENTE,(4)2387347
270,Actividades de consultaria de gestion,MEDELLIN,ANTIOQUIA,CALLE 32 F 66 B 100,http://empresite.eleconomistaamerica.co/LOGISTICA-INTELIGENTE-SOLUTION-SAS.html,LOGISTICA INTELIGENTE SOLUTION S A S,MEDICION-INTELIGENTE,(4)5819444
271,Generacion de energia electrica,ITAGUI,ANTIOQUIA,CARRERA 57 82 04,http://empresite.eleconomistaamerica.co/AMBIENTES-TECNOLOGICOS-INTELIGENTES-SAS.html,AMBIENTES TECNOLOGICOS INTELIGENTES S A S,MEDICION-INTELIGENTE,3207114449
272,Mantenimiento y reparacion de computadores y de equipo periferico,MEDELLIN,ANTIOQUIA,CARRERA 30 8 B 25 OF 1005,http://empresite.eleconomistaamerica.co/TECNOLOGIA-INTELIGENTE-APLICADA-LTDA.html,TECNOLOGIA INTELIGENTE APLICADA LTDA,MEDICION-INTELIGENTE,(4)2687801
273,Actividades de consultoria informatica y actividades de administracion de instalaciones informaticas,MEDELLIN,ANTIOQUIA,CARRERA 35 A 15 B 35 OF 505,http://empresite.eleconomistaamerica.co/CNI-CONSULTORIA-NEGOCIOS-INTELIGENTES-SAS.html,CNI CONSULTORIA Y NEGOCIOS INTELIGENTES S A S,MEDICION-INTELIGENTE,(4)4481346
274,Comercio al por mayor de equipo partes y piezas electronicos y de telecomunicaciones,MEDELLIN,ANTIOQUIA,CARRERA 48 10 45 CENTRO,http://empresite.eleconomistaamerica.co/TECNOLOGIA-INTELIGENTE-SAS.html,TECNOLOGIA INTELIGENTE S A S,MEDICION-INTELIGENTE,(4)5115646
275,Actividades de otras asociaciones n c p,MEDELLIN,ANTIOQUIA,CARRERA 30 10 C 228,,,,
276,Comercio al por mayor de equipo partes y piezas electronicos y de telecomunicaciones,MEDELLIN,ANTIOQUIA,CARRERA 84 F 3 D 150 TO 6 IN,http://empresite.eleconomistaamerica.co/PAGOS-INTELIGENTES-SAS-ANTIOQUIA.html,PAGOS INTELIGENTES S A S,MEDICION-INTELIGENTE,3155389172
277,Instalaciones electricas,MEDELLIN,ANTIOQUIA,CARRERA 25 1 A SUR 45,http://empresite.eleconomistaamerica.co/EFICIENCIAS-ENERGETICAS-COLOMBIANAS-SAS.html,EFICIENCIAS ENERGETICAS COLOMBIANAS S A S,INGENIERIA-EFICIENCIA-ENERGETICA,(4)3212736
278,Actividades de arquitectura e ingenieria y otras actividades conexas de consultoria tecnica,MEDELLIN,ANTIOQUIA,TRANSVERSAL 32 D 74 D 69,http://empresite.eleconomistaamerica.co/INGENIERIA-SOLUCIONES-ENERGETICAS-INTELIGENTES-SAS.html,INGENIERIA Y SOLUCIONES ENERGETICAS INTELIGENTES S A S,INGENIERIA-EFICIENCIA-ENERGETICA,(4)4482531
279,Instalaciones electricas,MEDELLIN,ANTIOQUIA,CARRERA 25 1 A SUR 45,http://empresite.eleconomistaamerica.co/EFICIENCIAS-ENERGETICAS-COLOMBIANAS-SAS.html,EFICIENCIAS ENERGETICAS COLOMBIANAS S A S,CONSULTORIA-EFICIENCIA-ENERGETICA,(4)3212736
280,Comercializacion de energia electrica,MEDELLIN,ANTIOQUIA,CARRERA 35 A 15 B 35 OF 610,http://empresite.eleconomistaamerica.co/CONSULTORIA-INTERMEDIACION-ENERGETICA-SAS.html,CONSULTORIA E INTERMEDIACION ENERGETICA S A S,CONSULTORIA-EFICIENCIA-ENERGETICA,(4)3521149
281,Instalaciones electricas,MEDELLIN,ANTIOQUIA,CARRERA 25 1 A SUR 45,http://empresite.eleconomistaamerica.co/EFICIENCIAS-ENERGETICAS-COLOMBIANAS-SAS.html,EFICIENCIAS ENERGETICAS COLOMBIANAS S A S,EFICIENCIA-ENERGETICA,(4)3212736
282,Actividades de arquitectura e ingenieria y otras actividades conexas de consultoria tecnica,MEDELLIN,ANTIOQUIA,CALLE 41 73 13 ED BERIOS,http://empresite.eleconomistaamerica.co/ENERGETICA-SOLUCIONES-INGENIERILES-SAS.html,ENERGETICA SOLUCIONES INGENIERILES S A S,EFICIENCIA-ENERGETICA,(4)4119121
283,Comercio al por mayor no especializado,MEDELLIN,ANTIOQUIA,CALLE 7 39 215,http://empresite.eleconomistaamerica.co/SUPERNOVA-ENERGY-SERVICES-SAS.html,SUPERNOVA ENERGY SERVICES S A S,EFICIENCIA-ENERGETICA,(4)3111854
284,Fabricacion de otros tipos de maquinaria y equipo de uso general n c p,MEDELLIN,ANTIOQUIA,CARRERA 78 33 A 28 APTO 10,http://empresite.eleconomistaamerica.co/EFICIENCIA-TECNOLOGICA-SAS.html,EFICIENCIA TECNOLOGICA S A S,EFICIENCIA-ENERGETICA,(4)4111809
285,Investigaciones y desarrollo experimental en el campo de las ciencias sociales y las humanidades,RIONEGRO,ANTIOQUIA,CALLE 44A 48 A 172,http://empresite.eleconomistaamerica.co/EFICIENCIAS-CONSCIENCIA-SAS.html,EFICIENCIAS DE LA CONSCIENCIA S A S,EFICIENCIA-ENERGETICA,(4)5312294
286,Actividades de agentes y corredores de seguro,MEDELLIN,ANTIOQUIA,CARRERA 43 A 1 50 T3 OF 804,http://empresite.eleconomistaamerica.co/EFICIENCIAS-RIESGOS-SEGUROS-LTDA.html,EFICIENCIAS EN RIESGOS Y SEGUROS LTDA,EFICIENCIA-ENERGETICA,(4)3220964
287,Actividades de otras asociaciones n c p,MEDELLIN,ANTIOQUIA,CARRERA 78 A 34 A 06,http://empresite.eleconomistaamerica.co/COOPERATIVA-TRABAJO-ASOCIADO-EFICIENCIA-GLOBAL.html,COOPERATIVA DE TRABAJO ASOCIADO EFICIENCIA GLOBAL,EFICIENCIA-ENERGETICA,(4)4136585
288,Mantenimiento y reparacion de computadores y de equipo periferico,ITAGUI,ANTIOQUIA,CALLE 78 48 59 BL 2,http://empresite.eleconomistaamerica.co/SOLUCIONES-EFICIENCIA-TECNOLOGICA-SAS.html,SOLUCIONES DE EFICIENCIA TECNOLOGICA S A S,EFICIENCIA-ENERGETICA,3188872916
289,Transporte de carga por carretera,ITAGUI,ANTIOQUIA,CALLE 86 51 A 57,http://empresite.eleconomistaamerica.co/SEGURIDAD-EFICIENCIA-TRANSPORTE-SAS.html,SEGURIDAD Y EFICIENCIA EN TRANSPORTE S A S,EFICIENCIA-ENERGETICA,(4)4446182
290,Instalaciones electricas,MEDELLIN,ANTIOQUIA,CARRERA 43 A 15 SUR 15 P 8,http://empresite.eleconomistaamerica.co/ALPHA-SOLUCIONES-ENERGETICAS-SAS.html,ALPHA SOLUCIONES ENERGETICAS S A S,EFICIENCIA-ENERGETICA,(4)3222774
291,Actividades de arquitectura e ingenieria y otras actividades conexas de consultoria tecnica,SABANETA,ANTIOQUIA,CALLE 58 SUR 42 99 CA 181,http://empresite.eleconomistaamerica.co/SOLUCIONES-ENERGETICAS-AUTOMATIZACION-SAS.html,SOLUCIONES ENERGETICAS Y DE AUTOMATIZACION S A S,EFICIENCIA-ENERGETICA,(4)5829267
292,Comercio al por mayor no especializado,MARINILLA,ANTIOQUIA,CALLE 30 32 A 58 OF 110,http://empresite.eleconomistaamerica.co/SISTEMAS-INTELIGENCIA-ENERGETICA-SAS.html,SISTEMAS DE INTELIGENCIA ENERGETICA S A S,EFICIENCIA-ENERGETICA,(4)5450917
293,Comercializacion de energia electrica,MEDELLIN,ANTIOQUIA,CARRERA 35 A 15 B 35 OF 610,http://empresite.eleconomistaamerica.co/CONSULTORIA-INTERMEDIACION-ENERGETICA-SAS.html,CONSULTORIA E INTERMEDIACION ENERGETICA S A S,EFICIENCIA-ENERGETICA,(4)3521149
294,Actividades de arquitectura e ingenieria y otras actividades conexas de consultoria tecnica,MEDELLIN,ANTIOQUIA,TRANSVERSAL 32 D 74 D 69,http://empresite.eleconomistaamerica.co/INGENIERIA-SOLUCIONES-ENERGETICAS-INTELIGENTES-SAS.html,INGENIERIA Y SOLUCIONES ENERGETICAS INTELIGENTES S A S,EFICIENCIA-ENERGETICA,(4)4482531
295,Otras actividades profesionales cientificas y tecnicas n c p,RIONEGRO,ANTIOQUIA,VIA VDA CHIPRE CDA LLANOGRANDE KM 2,http://empresite.eleconomistaamerica.co/SOLUCIONES-ENERGETICAS-FUTURO-SAS.html,SOLUCIONES ENERGETICAS DEL FUTURO S A S,EFICIENCIA-ENERGETICA,3108234867
296,Investigaciones y desarrollo experimental en el campo de las ciencias naturales y la ingenieria,MEDELLIN,ANTIOQUIA,CALLE 39 64 60 OF 801,http://empresite.eleconomistaamerica.co/SOLUCIONES-AMBIENTALES-ENERGETICAS-SAS.html,SOLUCIONES AMBIENTALES Y ENERGETICAS S A S,EFICIENCIA-ENERGETICA,(4)2359257
297,Actividades de consultaria de gestion,MEDELLIN,ANTIOQUIA,CARRERA 56 9 70,http://empresite.eleconomistaamerica.co/SOLUCIONES-ENERGETICAS-TECNOLOGICAS-INNOVADORAS-AMBIENTALES-SAS.html,SOLUCIONES ENERGETICAS TECNOLOGICAS INNOVADORAS AMBIENTALES S A S,EFICIENCIA-ENERGETICA,(4)2516259
298,Comercio de partes piezas (autopartes) y accesorios (lujos) para vehiculos automotores,MEDELLIN,ANTIOQUIA,CALLE 48 C 66 07 SAUZALITO,http://empresite.eleconomistaamerica.co/GESTION-ENERGETICA-MINERA-AMBIENTAL-SAS.html,NEXT SOLUCIONES S A,EFICIENCIA-ENERGETICA,(4)2301402
299,Otras actividades de servicio financiero excepto las de seguros y pensiones n c p,MEDELLIN,ANTIOQUIA,CARRERA 43 A 1 50 TORRE 1,http://empresite.eleconomistaamerica.co/SOLUCIONES-ENERGETICAS-LTDA.html,SOLUCIONES ENERGETICAS LTDA,EFICIENCIA-ENERGETICA,(4)3114327
300,Tratamiento y disposicion de desechos no peligrosos,MEDELLIN,ANTIOQUIA,CALLE 48 80 32 OF 301,http://empresite.eleconomistaamerica.co/SOLUCIONES-ENERGETICAS-AMBIENTALES-SAS.html,SOLUCIONES ENERGETICAS AMBIENTALES S A S,EFICIENCIA-ENERGETICA,(4)2347900
301,Alquiler y arrendamiento de otros tipos de maquinaria equipo y bienes tangibles n c p,MEDELLIN,ANTIOQUIA,CARRERA 30 17 SUR 09 APT 5,http://empresite.eleconomistaamerica.co/MEDICIONES-EQUIPOS-SAS.html,MEDICIONES Y EQUIPOS S A S,EQUIPOS-DE-MEDICION,(4)5814997
302,Comercio al por mayor de materiales de construccion articulos de ferreteria pinturas productos de vidrio equipo y materiales de fontaneria y calefaccion,MEDELLIN,ANTIOQUIA,CALLE 19 A 43 B 41,http://empresite.eleconomistaamerica.co/DESTILADOS-SOLVENTES-SA.html,CACHARRERIA MUNDIAL S A S,EQUIPOS-DE-MEDICION,(4)2619100
303,Comercio al por mayor de otros tipos de maquinaria y equipo n c p,MEDELLIN,ANTIOQUIA,TRANSVERSAL 4 A 75 D 98,http://empresite.eleconomistaamerica.co/SENSORES-EQUIPOS-SAS.html,SENSORES Y EQUIPOS S A S,EQUIPOS-DE-MEDICION,(4)2568301
304,Fabricacion de instrumentos aparatos y materiales medicos y odontologicos (incluido mobiliario),MEDELLIN,ANTIOQUIA,CARRERA 80 B 32 EE 89,http://empresite.eleconomistaamerica.co/DISENO-DENTAL-EQUIPOS-SAS.html,DISENO DENTAL EQUIPOS S A S,EQUIPOS-DE-MEDICION,(4)4114276
305,Instalaciones electricas,MEDELLIN,ANTIOQUIA,CARRERA 25 1 A SUR 45,http://empresite.eleconomistaamerica.co/EFICIENCIAS-ENERGETICAS-COLOMBIANAS-SAS.html,EFICIENCIAS ENERGETICAS COLOMBIANAS S A S,EQUIPOS-EFICIENCIA-ENERGETICA,(4)3212736
306,Instalaciones electricas,MEDELLIN,ANTIOQUIA,CARRERA 25 1 A SUR 45,http://empresite.eleconomistaamerica.co/EFICIENCIAS-ENERGETICAS-COLOMBIANAS-SAS.html,EFICIENCIAS ENERGETICAS COLOMBIANAS S A S,SOFTWARE-EFICIENCIA-ENERGETICA,(4)3212736
307,Instalaciones electricas,MEDELLIN,ANTIOQUIA,CARRERA 25 1 A SUR 45,http://empresite.eleconomistaamerica.co/EFICIENCIAS-ENERGETICAS-COLOMBIANAS-SAS.html,EFICIENCIAS ENERGETICAS COLOMBIANAS S A S,APPS-EFICIENCIA-ENERGETICA,(4)3212736
308,Fabricacion de instrumentos aparatos y materiales medicos y odontologicos (incluido mobiliario),MEDELLIN,ANTIOQUIA,DIAGONAL 75 C 32 E 19,http://empresite.eleconomistaamerica.co/TEKVO-SAS.html,TEKVO S A S,MOVILIDAD-ELECTRICA,(4)3660250
309,Otras actividades de telecomunicaciones,ENVIGADO,ANTIOQUIA,CARRERA 39 DD 45 A SUR 63,http://empresite.eleconomistaamerica.co/MOVILIDAD-GLOBAL-SAS.html,MOVILIDAD GLOBAL S A S,MOVILIDAD-ELECTRICA,3507275757
310,Instalaciones electricas,BELLO,ANTIOQUIA,DIAGONAL 52 20 150 APTO 230,http://empresite.eleconomistaamerica.co/ELECTRICASAS-SAS.html,ELECTRICASAS S A S,MOVILIDAD-ELECTRICA,(4)4563766
311,Instalaciones electricas,MEDELLIN,ANTIOQUIA,CARRERA 37 55 47,http://empresite.eleconomistaamerica.co/ELECTRICAS-JC-EU.html,ELECTRICAS JC E U,MOVILIDAD-ELECTRICA,(4)2171621
312,Instalaciones electricas,MEDELLIN,ANTIOQUIA,CARRERA 25 A 1 31 OF 915,http://empresite.eleconomistaamerica.co/ELECTRICAS-SA.html,ELECTRICAS S A S,MOVILIDAD-ELECTRICA,3114305585
313,Comercio al por mayor de materiales de construccion articulos de ferreteria pinturas productos de vidrio equipo y materiales de fontaneria y calefaccion,MEDELLIN,ANTIOQUIA,CALLE 19 A 43 B 41,http://empresite.eleconomistaamerica.co/DESTILADOS-SOLVENTES-SA.html,CACHARRERIA MUNDIAL S A S,MOVILIDAD-ELECTRICA,(4)2619100
314,Instalaciones electricas,LA ESTRELLA,ANTIOQUIA,CALLE 77 SUR 55 136 INT 304,http://empresite.eleconomistaamerica.co/ELECTRICAS-GT-SAS.html,ELECTRICAS GT S A S,MOVILIDAD-ELECTRICA,3218012924
315,Mantenimiento y reparacion especializado de equipo electrico,MEDELLIN,ANTIOQUIA,,http://empresite.eleconomistaamerica.co/ELECTRICAS-KVA-LTDA.html,ELECTRICAS KVA LTDA,MOVILIDAD-ELECTRICA,
316,Instalaciones electricas,COPACABANA,ANTIOQUIA,CARRERA 40 CL 48 50,http://empresite.eleconomistaamerica.co/ELECTRICAS-JM-SAS.html,ELECTRICAS JM S A S,MOVILIDAD-ELECTRICA,(4)4197860
317,Instalaciones electricas,MEDELLIN,ANTIOQUIA,CARRERA 50 A 57 51 INT 306,http://empresite.eleconomistaamerica.co/ELECTRICA-DISENOS-SAS.html,ELECTRICA Y DISENOS S A S,MOVILIDAD-ELECTRICA,3152073200
318,Elaboracin de productos alimenticios,MEDELLIN,ANTIOQUIA,,http://empresite.eleconomistaamerica.co/ELECTRICAS-JG-CIA-LTDA.html,ELECTRICAS JG Y CIA LTDA,MOVILIDAD-ELECTRICA,
319,Instalaciones electricas,MARINILLA,ANTIOQUIA,CARRERA 40 29 A 16 PISO 1 EL JARDIN,http://empresite.eleconomistaamerica.co/ELECTRICAS-ORIENTE-SAS.html,ELECTRICAS DE ORIENTE S A S,MOVILIDAD-ELECTRICA,(4)5450013
320,Alojamiento en hoteles,MEDELLIN,ANTIOQUIA,TRANSVERSAL 39 74 B 10,http://empresite.eleconomistaamerica.co/PROMOTORA-INVERSORA-MALLA-SAS.html,PROMOTORA E INVERSORA MALLA S A S,MOVILIDAD-ELECTRICA,(4)4448428
321,Actividades de telecomunicaciones alambricas,MEDELLIN,ANTIOQUIA,CARRERA 16 11 A SUR 100,http://empresite.eleconomistaamerica.co/UNE-EPM-TELECOMUNICACIONES-SA.html,UNE EPM TELECOMUNICACIONES S A,MOVILIDAD-ELECTRICA,(4)5151505
322,Fabricacin de maquinaria y equipo n.c.p.,MEDELLIN,ANTIOQUIA,CALLE 38 64 A 47,http://empresite.eleconomistaamerica.co/ELECTRICA-ELECTRONICA-SISTEMAS-COMUNICACIONES-LTDA.html,ELECTRICA ELECTRONICA SISTEMAS Y COMUNICACIONES LTDA,MOVILIDAD-ELECTRICA,(4)2651733
323,Instalaciones electricas,MEDELLIN,ANTIOQUIA,CARRERA 67 B 51 A 72,http://empresite.eleconomistaamerica.co/ELECTRICAS-SERVICIOS-MENA-COMPANIA-SAS.html,ELECTRICAS Y SERVICIOS MENA Y COMPANIA S A S,MOVILIDAD-ELECTRICA,(4)2301104
324,Comercio al por mayor de materiales de construccion articulos de ferreteria pinturas productos de vidrio equipo y materiales de fontaneria y calefaccion,MEDELLIN,ANTIOQUIA,CARRERA 52 10 131,http://empresite.eleconomistaamerica.co/ELECTRICAS-MEDELLIN-COMERCIAL-SA.html,ELECTRICAS DE MEDELLIN COMERCIAL S A,MOVILIDAD-ELECTRICA,(4)4446500
325,Construccion de otras obras de ingenieria civil,MEDELLIN,ANTIOQUIA,CALLE 31 A 84 30,http://empresite.eleconomistaamerica.co/ELECTRICAS-ELIECER-ESCALANTE-SAS.html,ELECTRICAS ELIECER ESCALANTE S A S,MOVILIDAD-ELECTRICA,(4)5809675
326,Comercio al por menor de articulos de ferreteria pinturas y productos de vidrio en establecimientos especializados,MEDELLIN,ANTIOQUIA,CARRERA 55 51 19,http://empresite.eleconomistaamerica.co/ELECTRICAS-MATERIALES-DELTA-LTDA.html,ELECTRICAS Y MATERIALES DELTA S A S,MOVILIDAD-ELECTRICA,(4)4481725
327,Comercio al por mayor de otros tipos de maquinaria y equipo n c p,MEDELLIN,ANTIOQUIA,,http://empresite.eleconomistaamerica.co/ELECTRICA-MECANICA-COMERCIALIZADORA-LTDA-EMECO.html,ELECTRICA Y MECANICA COMERCIALIZADORA LTDA EMECO LTDA,MOVILIDAD-ELECTRICA,
328,Instalaciones electricas,MEDELLIN,ANTIOQUIA,CALLE 34 65 C 65,http://empresite.eleconomistaamerica.co/ELECTRICAS-JIMENEZ-MEJIA-CIA-LTDA.html,ELECTRICAS JIMENEZ Y MEJIA S A S,MOVILIDAD-ELECTRICA,(4)2352540
329,Distribucion de energia electrica,MEDELLIN,ANTIOQUIA,CALLE 19 74 A 12 APTO 30,http://empresite.eleconomistaamerica.co/ELECTRICAS-SYL-INGENIERIA-CONSTRUCCION-SAS.html,ELECTRICAS S Y L INGENIERIA Y CONSTRUCCION S A S,MOVILIDAD-ELECTRICA,3207223415
330,Mantenimiento y reparacion especializado de maquinaria y equipo,SABANETA,ANTIOQUIA,CARRERA 49 52 SUR 200,http://empresite.eleconomistaamerica.co/EQUIPOS-TECNI-METALICOS-SAS.html,EQUIPOS TECNI METALICOS S A S,MOVILIDAD-ELECTRICA,3014000500
331,Construccion de proyectos de servicio publico,ITAGUI,ANTIOQUIA,CALLE 72 A 55 B 04,http://empresite.eleconomistaamerica.co/MEJIA-ACEVEDO-SA.html,MEJIA ACEVEDO S A S,MOVILIDAD-ELECTRICA,3117477071
332,Construccion de otras obras de ingenieria civil,MEDELLIN,ANTIOQUIA,CALLE 36 64 A 34 AP 401,http://empresite.eleconomistaamerica.co/RESTREPO-TORRES-COMPANIA-LTDA.html,RESTREPO TORRES Y COMPANIA LTDA,MOVILIDAD-ELECTRICA,(1)4817881
333,Comercio al por mayor de equipo partes y piezas electronicos y de telecomunicaciones,MEDELLIN,ANTIOQUIA,CALLE 12 B SUR 51 54,http://empresite.eleconomistaamerica.co/ALMACENES-ELECTRON-SAS.html,ALMACENES ELECTRON S A S,MOVILIDAD-ELECTRICA,(4)6040743
334,Actividades de arquitectura e ingenieria y otras actividades conexas de consultoria tecnica,MEDELLIN,ANTIOQUIA,CARRERA 80 A 33 35 APTO 802,http://empresite.eleconomistaamerica.co/CONSULTORIAS-ASESORIAS-MOVILIDAD-SAS.html,CONSULTORIAS Y ASESORIAS EN MOVILIDAD S A S,MOVILIDAD-ELECTRICA,3157005750
335,Fabricacion de bicicletas y de sillas de ruedas para personas con discapacidad,MEDELLIN,ANTIOQUIA,CALLE 18 SU  26 140 CASA 10,http://empresite.eleconomistaamerica.co/SAIMUS-SOLUCIONES-MOVILIDAD-SAS.html,SAIMUS SOLUCIONES DE MOVILIDAD S A S,MOVILIDAD-ELECTRICA,3146312367
336,Terminacion y acabado de edificios y obras de ingenieria civil,MEDELLIN,ANTIOQUIA,CARRERA 50 41 50,http://empresite.eleconomistaamerica.co/DISTRIRUEDAS-SOLUCIONES-MOVILIDAD-SAS.html,DISTRIRUEDAS SOLUCIONES EN MOVILIDAD S A S,MOVILIDAD-ELECTRICA,(4)5510561
337,Actividades de otras asociaciones n c p,MEDELLIN,ANTIOQUIA,,http://empresite.eleconomistaamerica.co/FUNDACION-RED-MOVILIDAD-LIMPIA.html,FUNDACION RED MOVILIDAD LIMPIA,MOVILIDAD-ELECTRICA,
338,Actividades de consultaria de gestion,MEDELLIN,ANTIOQUIA,DIAGONAL 75 B 8 40 OFICINA 31,http://empresite.eleconomistaamerica.co/HABLEMOS-MOVILIDAD-SAS.html,HABLEMOS DE MOVILIDAD S A S,MOVILIDAD-ELECTRICA,(4)5826350
339,Otras actividades de atencion de la salud humana,MEDELLIN,ANTIOQUIA,CALLE 41 A 70 70,http://empresite.eleconomistaamerica.co/CENTRO-RECONOCIMIENTO-CONDUCTORES-MOVILIDAD-SALUD-SAS.html,CENTRO DE RECONOCIMIENTO DE CONDUCTORES MOVILIDAD EN SALUD S.A.S.,MOVILIDAD-ELECTRICA,(4)4121195
340,Actividades de otras asociaciones n c p,MEDELLIN,ANTIOQUIA,CALLE 1 B SUR 38 30,http://empresite.eleconomistaamerica.co/ASOCIACION-CENTRO-ESTUDIOS-JURIDICOS-MOVILIDAD.html,ASOCIACION CENTRO DE ESTUDIOS JURIDICOS DE LA MOVILIDAD EN LIQUIDACION,MOVILIDAD-ELECTRICA,(4)3141491
341,Actividades de consultaria de gestion,MEDELLIN,ANTIOQUIA,CALLE 33 78 31,http://empresite.eleconomistaamerica.co/CENTRO-INTEGRAL-PARA-MOVILIDAD-EU.html,CENTRO INTEGRAL PARA LA MOVILIDAD E U EN LIQUIDACION,MOVILIDAD-ELECTRICA,(4)5808750
342,Actividades de otras asociaciones n c p,MEDELLIN,ANTIOQUIA,CALLE 50 49 44 OF 209,http://empresite.eleconomistaamerica.co/FUNDACION-PARA-MOVILIDAD-JURIDICA-COLOMBIANA.html,FUNDACION PARA LA MOVILIDAD JURIDICA COLOMBIANA EN LIQUIDACION,MOVILIDAD-ELECTRICA,(4)5131670
343,Transporte de pasajeros,RIONEGRO,ANTIOQUIA,CARRERA 54 56 162 VIA FONTIBON,http://empresite.eleconomistaamerica.co/SOMOS-SISTEMA-OPERATIVO-MOVILIDAD-ORIENTE-SOSTENIBLE-SAS.html,SOMOS SISTEMA OPERATIVO DE MOVILIDAD ORIENTE SOSTENIBLE S A S,MOVILIDAD-ELECTRICA,(4)5204060
344,Comercio de vehiculos automotores nuevos,MEDELLIN,ANTIOQUIA,CARRERA 67 B 48 D 76,http://empresite.eleconomistaamerica.co/GO-SOLUCIONES-MOVILIDAD-LOGISTICA-VERDE-SAS.html,GO SOLUCIONES EN MOVILIDAD Y LOGISTICA VERDE S A S,MOVILIDAD-ELECTRICA,(4)2304463
345,Otros tipos de educacion n c p,CAUCASIA,ANTIOQUIA,CARRERA 20 22 146,http://empresite.eleconomistaamerica.co/CENTRO-INTEGRAL-ATENCION-CONSULTORIAS-MOVILIDAD-SAS.html,CENTRO INTEGRAL DE ATENCION Y CONSULTORIAS EN MOVILIDAD S A S,MOVILIDAD-ELECTRICA,3124539452
346,,ENVIGADO,ANTIOQUIA,CALLE 40 B SUR 39 A 24 OF 102,http://empresite.eleconomistaamerica.co/CAMARA-COLOMBIANA-MOVILIDAD.html,CAMARA COLOMBIANA DE LA MOVILIDAD,MOVILIDAD-ELECTRICA,
347,,MEDELLIN,ANTIOQUIA,CARRERA 43 A 1 50,http://empresite.eleconomistaamerica.co/ACOMPANAMOS-APOYO-MOVILIDAD-SERVICIOS-SAS.html,ACOMPANAMOS APOYO EN MOVILIDAD Y SERVICIOS S A S,MOVILIDAD-ELECTRICA,
348,Comercio al por mayor de computadores equipo periferico y programas de informatica,MEDELLIN,ANTIOQUIA,CARRERA 48 10 45,http://empresite.eleconomistaamerica.co/DISTRIBUIDORA-SOFTWARE-MOVILIDAD-SAS.html,DISTRIBUIDORA DE SOFTWARE Y MOVILIDAD S A S,MOVILIDAD-ELECTRICA,(4)6050912
349,,ITAGUI,ANTIOQUIA,CARRERA 43 44 60,http://empresite.eleconomistaamerica.co/ASOCIACION-NACIONAL-ALTERNATIVAS-INNOVADORAS-PARA-MOVILIDAD.html,ASOCIACION NACIONAL DE ALTERNATIVAS INNOVADORAS PARA LA MOVILIDAD,MOVILIDAD-ELECTRICA,
350,,MEDELLIN,ANTIOQUIA,CALLE 47 B 83 56 INT 201,http://empresite.eleconomistaamerica.co/GRUPO-MOVILIDAD-SAS.html,GRUPO MOVILIDAD S A S,MOVILIDAD-ELECTRICA,
351,,GIRARDOTA,ANTIOQUIA,VEREDA PORTACHUELO,,,,
352,,MEDELLIN,ANTIOQUIA,CALLE 67 45 21,http://empresite.eleconomistaamerica.co/CH-LIDERES-MOVILIDAD-DESARROLLO-HUMANO-SAS.html,CH LIDERES EN MOVILIDAD Y DESARROLLO HUMANO S A S,MOVILIDAD-ELECTRICA,
353,Actividades de arquitectura e ingenieria y otras actividades conexas de consultoria tecnica,MEDELLIN,ANTIOQUIA,CALLE 34 A 81 A 101,http://empresite.eleconomistaamerica.co/INGENIERIA-SERVICIOS-METALMECANICA-ELECTRICA-ELECTRONICA-LTDA.html,INGENIERIA DE SERVICIOS METALMECANICA ELECTRICA Y ELECTRONICA LTDA,MOVILIDAD-ELECTRICA,(4)3320398
354,,MEDELLIN,ANTIOQUIA,CARRERA 67 A 42 07,http://empresite.eleconomistaamerica.co/COMERCIALIZADORA-PARTES-ELECTRICAS-LTDA.html,COMERCIALIZADORA DE PARTES ELECTRICAS LTDA,MOVILIDAD-ELECTRICA,
355,,MEDELLIN,ANTIOQUIA,CALLE 34 C 88 B 55,http://empresite.eleconomistaamerica.co/REDES-ELECTRICAS-ELECTRONICAS-LTDA.html,REDES ELECTRICAS Y ELECTRONICAS LTDA,MOVILIDAD-ELECTRICA,
356,,CAUCASIA,ANTIOQUIA,VIA LA TRAMPA KM 1 CASA 6,http://empresite.eleconomistaamerica.co/TIENDA-ELECTRICA-DA-LTDA.html,TIENDA ELECTRICA D A S A S,MOVILIDAD-ELECTRICA,
357,,MEDELLIN,ANTIOQUIA,CARRERA 57 50 118,http://empresite.eleconomistaamerica.co/SICEM-LTDA-SERVICIOS-INGENIERIA-CIVIL-ELECTRICA-MECANICA.html,SICEM LTDA SERVICIOS DE INGENIERIA CIVIL ELECTRICA Y MECANICA LTDA,MOVILIDAD-ELECTRICA,
358,,MEDELLIN,ANTIOQUIA,CALLE 71 38 14,http://empresite.eleconomistaamerica.co/CONSULTORIA-INGENIERIA-ELECTRICA-LTDA.html,CONSULTORIA EN INGENIERIA ELECTRICA LTDA,MOVILIDAD-ELECTRICA,
359,,BELLO,ANTIOQUIA,DIAGONAL 51 43 36,http://empresite.eleconomistaamerica.co/ING-ELECTRICA-LAR-LTDA.html,ING ELECTRICA LAR LTDA,MOVILIDAD-ELECTRICA,
360,,MEDELLIN,ANTIOQUIA,CARRERA 43 A 1 85 OF 314,http://empresite.eleconomistaamerica.co/LC-INGENIERIA-ELECTRICA-COMUNICACIONES-LTDA.html,L C INGENIERIA ELECTRICA Y COMUNICACIONES LTDA,MOVILIDAD-ELECTRICA,
361,,MEDELLIN,ANTIOQUIA,CALLE 66 43 47,http://empresite.eleconomistaamerica.co/MYL-EQUIPOS-HERRAMIENTAS-ELECTRICAS-LTDA.html,M Y L EQUIPOS Y HERRAMIENTAS ELECTRICAS LTDA,MOVILIDAD-ELECTRICA,
362,,MEDELLIN,ANTIOQUIA,CARRERA 45 52 78 OF 4,http://empresite.eleconomistaamerica.co/COMERCIALIZADORA-FERROINDUSTRIAL-ELECTRICA-COFELE-EU.html,COMERCIALIZADORA FERROINDUSTRIAL ELECTRICA COFELE E U EN LIQUIDACION,MOVILIDAD-ELECTRICA,
363,,MEDELLIN,ANTIOQUIA,CARRERA 67 8 B 100 LC 219,http://empresite.eleconomistaamerica.co/ANTIOQUENA-INGENIERIA-ELECTRICA-LTDA.html,ANTIOQUENA DE INGENIERIA ELECTRICA LTDA,MOVILIDAD-ELECTRICA,
364,,MEDELLIN,ANTIOQUIA,CARRERA 33 A 43 23,http://empresite.eleconomistaamerica.co/IEM-INGENIERIA-ELECTRICA-MECANICA-LTDA.html,IEM INGENIERIA ELECTRICA Y MECANICA LTDA,MOVILIDAD-ELECTRICA,
365,,MEDELLIN,ANTIOQUIA,CALLE 50 55 80,http://empresite.eleconomistaamerica.co/ESPECIALIDADES-ELECTRICAS-MEDELLIN-LTDA.html,ESPECIALIDADES ELECTRICAS DE MEDELLIN LTDA,MOVILIDAD-ELECTRICA,
366,,ITAGUI,ANTIOQUIA,CARRERA 54 72 A 205,http://empresite.eleconomistaamerica.co/TCI-REDES-ELECTRICAS-COMUNICACIONES-SAS.html,TCI REDES ELECTRICAS Y DE COMUNICACIONES S A S,MOVILIDAD-ELECTRICA,
367,,MEDELLIN,ANTIOQUIA,CARRERA 77 B 48 C 132,http://empresite.eleconomistaamerica.co/BHG-SOLUCIONES-ELECTRICAS-SAS.html,ELECTRICAS BHG SAS,MOVILIDAD-ELECTRICA,